log_area,perimeter_km,compactness,solidity,dist_center_km,local_ward_density_km,num_neighbors,perimeter_area_ratio
2.1446614552413563,2.0017659321971712,-0.7139628235892735,0.5337229170813385,2.057263662883511,1.1055227930179308,-0.8128186497019927,-1.4075452667723098
1.5566574415672085,0.8800262430745068,0.25010882391067313,0.07380763288567,2.2739723914718333,1.1798572335589712,-1.8578711993188406,-1.3821844122039342
0.7414842581629184,0.34034637578090954,-0.0494664100604,-0.19437269071073343,1.77199819702694,0.5321163782734787,-1.3353449245104165,-0.9347712187341255
1.128160802607735,0.6438758789099974,-0.06507437759406885,-0.5849502534501286,1.6699627794214493,0.8603014052739917,-1.3353449245104165,-1.1369093327385484
0.8020771467159844,0.04443208333372328,1.3089642882607324,1.1454876178051479,1.3798558026973513,0.7538559683294892,-0.8128186497019927,-1.229284061264258
1.4570213158203296,0.9372414522890351,-0.1036847643282588,-0.4155621647110151,1.4465684388832667,0.06154533771766154,0.23223389991485519,-1.2765567991137126
-0.5650709438863061,-0.6514346516216766,0.8859159873619076,0.7541838090534253,1.2067933041057413,-0.18284527648769144,-1.3353449245104165,-0.07405202401899186
-0.8135604468539659,-0.5326785065790365,-0.7178257135140669,-0.7506925191106185,-0.06636599685929191,-0.1585176581353419,0.23223389991485519,1.1505169147468135
1.6601767410254322,1.1171105463635664,-0.09469366034933574,0.3617414349501351,-0.7128024556606213,-0.043974874093189745,1.2772864495317031,-1.359727720258387
-0.16893308360891068,-0.29361148804720105,0.050640930288099774,-0.11238476379517234,-0.5215315720911012,-0.1889833675586367,0.754760174723279,-0.25858669123151506
-1.1713941853696428,-0.8438956299475653,-0.3044223947374995,-0.37017492544838443,-0.15838351201411463,-0.33869646339672954,-1.3353449245104165,1.867387356362291
0.35842270608514687,-0.11685074383428434,0.7450450265112072,1.193181408418277,0.4470183892737196,-0.1052750285136079,0.754760174723279,-0.88507902846914
0.99329390096628,0.16967285230433038,1.2870947842719709,1.2229448582137266,0.8386185086700126,0.05300207128834158,-0.29029237489356874,-1.3119912178280797
-0.7709423927584818,-0.8656381754429416,2.1140942427765332,1.4482757884511361,0.04183734856914608,-0.41687840458091896,0.23223389991485519,-0.1145986463833793
-0.11648569479550125,-0.5746427068674156,2.2149569019579602,1.7467011341281586,-0.1646370646835955,-0.3556720121533626,-0.29029237489356874,-0.8202032546721549
-0.7815581503199599,-0.8487484662470693,1.821201014669325,1.6033051281263777,-0.597311445530805,-0.38130825460825973,0.23223389991485519,-0.0279311911431608
-0.45735201339421017,-0.39834438498188696,-0.2892228161258522,-0.416726745856821,-0.9129233714360131,-0.41152032315114984,0.754760174723279,0.23668568968446876
-0.9813713484964949,-0.8797527638295501,1.0153236956969371,0.49233710504749933,-1.1017729333318729,-0.19215776158865544,-0.8128186497019927,0.5895643141751017
0.667672314979309,-0.003477238299250526,1.1271582020935236,0.9069978995358147,-0.9177989986536074,-0.12562989959184273,1.799812724340127,-1.1351621258640476
-0.9868044595804291,-0.7799253498011418,0.06696254806963159,-0.4317498414292925,-1.1431423132717873,-0.37103808852124637,-0.29029237489356874,1.0441215839580364
-0.4880583189049406,-0.27559897083448254,-0.8431740055514063,-0.8188923572331477,-1.2676522999008815,-0.4981358076877455,0.754760174723279,0.6132882856473156
-1.0551440239956404,-0.7394643292126081,-0.4878255265057603,-0.16772384207637517,-0.8492512720164452,-0.5760711056220426,0.23223389991485519,1.6153748725974055
-0.3608581539772495,-0.22199899184643848,-0.7277237748533875,-0.218047803639621,0.5107842183046309,-0.2775851672578286,-0.29029237489356874,0.3426300993980271
-0.5405922484375638,-0.3453787230731061,-0.7272651221489492,-1.4462826442280647,0.6765931357208348,-0.13233104360486034,0.23223389991485519,0.620148229955189
0.39922859887718876,0.13745439555031233,-0.1841116905474023,-0.6927240928492117,0.2045495245250223,-0.250555477603558,2.322338999148551,-0.6719975198170003
-0.9523388361797707,-0.7211196223060503,-0.19755784869960114,0.47675822891824327,-0.19067740718504944,-0.5945864832536815,-0.29029237489356874,1.1163827779644768
-1.0299980088735288,-0.7307992354455214,-0.4416241968357498,-0.3473646530894352,-0.16035595428713423,-0.6152977382930606,-0.29029237489356874,1.5015996480973326
-0.9179615814825719,-0.9048025159267087,1.7149748510583591,1.1566711481514524,-0.06675035488121993,-0.5098928425093461,-0.8128186497019927,0.23006106356728115
-0.7397333044795291,-0.7787092019490932,1.2423274375503273,0.9350323407185138,-0.30739317113220915,-0.5598876350633389,0.23223389991485519,0.06721079547913322
-0.8714758042469942,-0.8263096023855028,1.047383712859327,1.5953718921892186,-0.4874957138908307,-0.4975053270301439,1.799812724340127,0.3542562377412425
-0.967590269872984,-0.9186227554957378,1.5798894479299852,1.2207068498813303,-0.7107287667421185,-0.5861272459844025,-0.8128186497019927,0.36654770442868456
-0.8806514633729623,-0.7340595688004572,0.18653050973472182,0.28028454135394715,-0.667863375455083,-0.5656971476844187,-0.29029237489356874,0.7322300910508579
-0.6842722936447525,-0.6730618975064349,0.5532151773676103,0.05103347172825246,-0.9185428505669214,-0.5072742988100899,0.23223389991485519,0.21186092169312726
-1.1367791968894678,-0.7593718354710665,-0.690690078988474,-0.7149824255820442,-0.8661872109882788,-0.637744937823611,0.23223389991485519,2.0787845340426707
-1.270166501574011,-1.1009250506921968,2.191063547286587,1.9009991279472986,-1.0401382318074395,-0.5649450802787642,-0.8128186497019927,0.9549938908845322
-0.8852444575560396,-0.7966236134700357,0.6835012824012511,0.3265331945830798,-1.1383423552958642,-0.5323246147128875,0.23223389991485519,0.5177487946876856
-0.10326947263683484,-0.10172308443314282,-0.539118281945127,-0.8323493923237332,-1.4625055321336715,-0.32188111561655236,0.23223389991485519,-0.08214095283608125
-1.033207155703304,-0.8701068364248591,0.6206951414757585,0.6589459013271723,-1.3905724513303344,-0.1638260115573366,-0.8128186497019927,0.8776822133750841
-0.14045883399058828,-0.4378317801048876,0.9646355857211409,0.33850263647155,-1.3298170404843839,-0.04985227778719581,1.2772864495317031,-0.5560445515533551
-0.32401307593499273,-0.44122680938092845,0.34263040524707883,0.2643507618166984,-0.8391973566639134,-0.1927854151745886,-0.8128186497019927,-0.1928816860369674
-0.8230879168477688,-0.7319054230862653,0.4190298240288964,1.1004974626137907,-0.23176384303764375,0.07344734756722894,-1.8578711993188406,0.5072390439244183
-0.9889600323213382,-0.885851703594069,1.0399944056367758,0.9757952838534703,-1.5729487898066536,-0.32883866258033967,-0.29029237489356874,0.5970378141864973
-0.9468442838890081,-0.5958191000432248,-0.8414818594446567,-0.5442822541024345,-1.2634350777851318,-0.5438401184789395,1.2772864495317031,1.5990798026971684
-0.9306077987284127,-0.512226549857011,-1.120989898040562,-1.4945331690688246,-1.0632896380294434,-0.6061936547165896,0.23223389991485519,1.840795942454392
0.22637721219223264,0.3317433946407674,-1.0286518661337758,-1.0517194801447558,1.281706077648665,0.8877904966124874,-1.8578711993188406,-0.16246526249229878
-0.6405406465472921,-0.692803903431009,0.9043071686944838,1.0229531374116003,-0.8392028821403493,-0.3533264165928161,0.23223389991485519,0.02416627207351675
-0.9839183293045147,-0.5899512856860512,-0.9769671896658593,-1.153777325249148,-0.7105756934542741,-0.5128078935463242,-0.29029237489356874,1.8450682840275248
-0.8695374732067915,-0.5013073961394306,-0.9989196539411498,-1.1359965554849487,-0.6163711494901424,-0.559982961164029,-0.29029237489356874,1.538586457007447
-0.4203636834104187,-0.46159793320709364,0.14162284177879,0.09068676767636957,-0.3802924445998137,-0.4417560611091671,0.23223389991485519,-0.0035803079808501602
1.4355380440135463,2.5021291110585464,-1.9177972034468966,-2.0480807849865528,1.4947341067105837,1.3773573920450406,-0.8128186497019927,-0.5044837693169142
0.5485341806716024,-0.06475975167628942,1.0692410247674973,1.1181056915764127,0.9231417142034565,0.3716354924228146,-1.3353449245104165,-1.061572547059424
1.9353390211821693,1.1323412698552016,0.46400470121383847,0.9523904881276726,1.596726542153793,0.9357772923067414,-1.3353449245104165,-1.5448641996147898
2.015750445215584,1.7251465195642028,-0.5365863385466059,-0.0033509620433167233,0.3315445734318886,0.7652818565090383,0.754760174723279,-1.4014496401940524
0.8677215602855997,0.7319704764459848,-0.7580557966941692,-1.1469358842992619,0.9327225013975242,0.6600622176589481,0.23223389991485519,-0.7908034727517309
0.10621267591950082,0.2014610133624489,-0.9526076306596086,-1.2617139833064028,0.9718621246029303,0.2669925552236476,-0.29029237489356874,-0.08632548754708488
0.25474229546906774,0.04030766604392351,-0.19318498541612886,0.16118851522900154,-0.21217163711762743,0.007752472927007993,0.754760174723279,-0.5586105545182719
-0.3870941517048777,-0.6900299932709965,2.1018136633990667,1.8597357756198827,0.1964205410503399,-0.10823486655440827,-0.8128186497019927,-0.5677931555846045
-0.22426172881697878,-0.5533478832047443,1.5215574377086525,1.2914254176222033,-0.46203681159281207,-0.36909205199742284,1.2772864495317031,-0.6055351201578326
-1.115435245569315,-0.832208886050138,-0.12744740502430943,0.22059983505663217,-0.03729762221347345,-0.5806204878169675,-0.29029237489356874,1.5385070907545473
-1.0408846145203485,-0.7419791011531834,-0.41699154810637934,-0.9672804180772073,-0.1380274023351294,-0.6145020424618394,0.754760174723279,1.51538006157476
0.6282879543806608,0.7774071854098986,-1.20416432985228,-1.7899120549055936,-1.9300321810522907,0.10548787500511714,1.2772864495317031,-0.4147399072146515
-0.025965816664202217,-0.06576637054605386,-0.4826614378555135,-0.18566899766122774,-0.5861937968852358,-0.1255815714732401,0.754760174723279,-0.1906484126314704
0.18248158568557585,0.01748367917958388,-0.28376318923990224,-0.3389740600925475,-0.4569191280886776,-0.01694739656663262,0.23223389991485519,-0.46682223160644365
1.229373371588863,0.6190749448676803,0.22807522817988096,0.32621986039385736,0.5562568263022365,0.1405494741215236,1.2772864495317031,-1.244654299538819
1.6234261269206665,1.659138223606843,-1.0359570999971146,-0.7203869316186872,0.17272889037636208,0.20211692199097664,0.754760174723279,-1.1018696592811845
-0.8996495190369347,-0.5885316680724698,-0.7291918187126938,-0.2151052844188732,0.24482846628144553,-0.41187777176936047,-0.29029237489356874,1.370577203941613
1.6393577645007626,2.1124013758767166,-1.472956029023768,-1.4885180959188538,1.1234126787174197,0.765923683451861,-0.29029237489356874,-0.9271751802653118
1.1298461357138185,1.076278675969644,-0.939178706821345,-0.6626463179000754,1.0373103500993202,0.6220530693533245,-1.3353449245104165,-0.8798211798467962
-0.656360039588749,-0.5663083578800486,-0.052544633536566805,-0.4002418537449185,1.045154420299536,-0.14917225004913032,0.23223389991485519,0.4267408036883096
0.04380485754954041,-0.043459278448033635,-0.39781029546721647,-0.12875169760904834,1.0875696404065838,-0.011333237751098943,0.754760174723279,-0.29668817387730684
-0.14140670297161498,0.0211552573925169,-0.9736783344776304,-1.807192414842578,0.5563912752903574,-0.1979517321362238,0.23223389991485519,0.20776964651689986
-0.5698431308564551,-0.6659126519486391,0.9869925697818072,1.2880552738460138,0.4794159790077924,-0.3086915526842919,-0.29029237489356874,-0.09837689775911011
-0.7001944579979824,-0.6030318975937068,0.01111773204309183,0.2510674852552684,0.14964995294757155,-0.4339521252543035,0.23223389991485519,0.47066204188223937
-0.44004916356048357,-0.09426187224174076,-1.2485195806862275,-1.0834387808787742,0.2924164222054303,-0.294399200834874,0.754760174723279,0.8647045825489376
0.6656660403244915,-0.2263033110631457,2.5739689154826153,1.9134194372540496,0.5392201452452118,0.17519889164529137,0.23223389991485519,-1.3213256859300884
0.5755955491679056,0.08236743390336651,0.4580481705678424,0.4784497448637179,0.7579982311575971,0.3988842159842258,-0.8128186497019927,-0.9580163466227792
-0.22376528139880134,0.37748829776946335,-1.7456530554754484,-2.1683156314151333,0.059195672127541746,-0.25218456666002037,1.2772864495317031,1.0637798474273923
2.0846652640061403,2.440636626071808,-1.2579151720723976,-1.1132505717951202,0.3640456481749666,0.004685513937511774,3.367391548765399,-1.228035014369152
1.6741022912410741,1.5813707550994807,-0.8647036463017782,-0.4504910086495049,0.5724480967289869,0.6919082248389954,0.23223389991485519,-1.1806389654046334
0.43448160984850176,0.5512591185351136,-1.1160002733382666,-2.1383864163100683,-0.18662454175555948,-0.006832954518564781,1.2772864495317031,-0.30343835401033714
0.7105080812170748,0.1392142223355207,0.5909375655944427,0.8650725990092649,-0.3106911621562274,0.013278541874679564,-0.29029237489356874,-1.062079846572734
-0.6024970535937244,-0.3154275957061687,-0.9770530408723095,-0.5653181651565985,-0.8422176006223729,-0.540811311889474,0.23223389991485519,0.9190220522735414
-0.7795285745425231,-0.48702652579969125,-0.8105009480874968,-0.5135125248074369,-0.23347104152229423,-0.49044685137099003,-0.29029237489356874,1.147672338468228
-0.8614960819635418,-0.7253032039086109,0.20305375992790228,0.13878662590244903,-0.47908958926286765,-0.4026528070269373,0.23223389991485519,0.6836439782994642
-0.75868019820369,-0.8033019361748545,1.4067393767792495,1.4577137269885814,-0.35497236312190533,-0.4638187324804086,0.23223389991485519,0.048440401410382056
2.2665363115247024,1.518272667023099,0.31200887167269087,0.5875476810040843,1.2995594343046402,1.00025967034087,-0.8128186497019927,-1.6232112025057628
0.8293954048262826,0.3402506874069514,0.15411571224301976,0.389172549065414,-1.708402707227476,-0.08057363319731478,0.23223389991485519,-1.0339744362583632
-0.6111680698745585,-0.5361179077618891,-0.0707030893958418,-0.3608646797840446,-0.8754366415155996,-0.3113028978673949,-0.29029237489356874,0.36147606143617467
-1.016202323774744,-0.6208766944204342,-0.9459769445932512,-1.1573801352663673,-1.0396369862275805,-0.6144048125647765,0.754760174723279,1.915173982589546
1.8864345822092032,1.5424846136082953,-0.4701337328486983,0.009812460211217849,0.6667298674300971,0.4865615064608841,-0.29029237489356874,-1.3685377862014807
0.5819775573603797,0.9476324455494354,-1.4937943270850458,-1.790245039050612,0.40715144189712804,0.23899749411764298,0.754760174723279,-0.18568143153465477
1.052150322855284,0.3153860474485653,0.8179190021602982,1.2633697270766264,1.3631317454817904,1.0089340268912466,-1.8578711993188406,-1.2688671558540952
-1.040125008777228,-0.5477411205117306,-1.2872005480880997,-1.5945992892949514,-0.520677466720755,-0.5461937426196196,-0.29029237489356874,2.417019218992622
1.0057701112004513,0.6018304116090085,-0.21165626934767917,0.21629574780229704,0.6860757715856415,0.31178003795216075,-0.29029237489356874,-1.0396620461082335
-1.2559873399240384,-1.041282857530249,1.249897488144056,1.290191544791761,-0.7307251321529148,-0.6658279928745514,-0.29029237489356874,1.2633629306200518
-0.47164235144428807,-0.47530767000087204,0.05102962695890776,0.2665511938512555,0.04831059294743779,-0.3711334552871569,-0.8128186497019927,0.10075930261442582
-0.5917471553760814,-0.558238409981177,0.12355504490411444,0.16987378649153767,-1.0335321940442008,-0.1997723677270986,-0.29029237489356874,0.2422974316612058
0.0799556490416353,-0.232676088234536,0.48680854969806825,0.3208099073379398,-0.8651389100042268,-0.04001331010248569,-0.29029237489356874,-0.6221381989275523
-0.1544689859926771,-0.14025053987155991,-0.5270907657680446,-0.5626017205217448,0.3364974257909054,-0.139819833800925,0.754760174723279,-0.030650602229982706
-0.426411741967306,-0.32155273567191556,-0.5286637924357241,-0.8257351539274852,-0.2134840451483186,-0.4085155424968548,0.23223389991485519,0.31915126063959315
-1.2597220860119405,-1.0241942918604143,0.9706384745450072,0.48572844802509224,-0.5723602411780532,-0.6019376011444418,-1.3353449245104165,1.4062633074945643
0.0826849420683457,0.5444861949913162,-1.589254820721981,-1.55903141296264,0.45651922237406284,0.061856635844766264,0.23223389991485519,0.42876216529734656
-1.2002251124535956,-1.0072286536379533,1.184417152539422,1.0246685176490953,-0.858050380566838,-0.6219464061361188,0.23223389991485519,1.1023391933452995
-0.7194150694125262,-0.8454716591914646,2.1568884846743686,1.8217306735627348,0.060360302629841746,-0.39067735727618264,0.23223389991485519,-0.19708660761227295
-0.4460858837270235,-0.10926014211130743,-1.2240332788142143,-0.36766872442881504,0.1494173977492189,-0.24817963986937347,0.23223389991485519,0.8521926918295889
-1.276347733989544,-0.9703090974120958,0.208836502526249,0.5593915556419985,-1.25249321240885,-0.5838308844696003,-1.3353449245104165,1.911933377513296
-0.17879392400714503,0.11769171982344455,-1.2592328347896355,-0.9573798656831591,0.3528527882053982,-0.21685794179538412,0.23223389991485519,0.46928400392592334
-1.1607685412907705,-0.8082710129521384,-0.4979265505969094,0.1844338216456063,-0.7581354951504378,-0.6099660767202503,-1.3353449245104165,1.9903735074312985
-0.680357913003488,-0.6429387774265276,0.3469755076599545,0.5788677210510432,0.3219665514337346,-0.2694981299226622,-1.3353449245104165,0.286861716862448
0.946382843801952,0.8511020632218724,-0.8496298315180353,-0.4121899907925717,0.688612573588885,0.33131496510280645,1.2772864495317031,-0.8049861689548486
0.10635606599609902,0.3286366368652045,-1.2155888793617518,-1.0394876554097514,0.40454793266790773,0.04296251266580302,0.754760174723279,0.08256255714641898
-0.9545445119960673,-0.7163703107752188,-0.23648120902477174,-0.41846053229976043,0.06016752054753674,-0.3915960702224032,-0.29029237489356874,1.147122485461179
0.3996314018812761,0.28869455203033667,-0.6189465443015912,-0.4683250803137589,0.6651520721727339,0.30632673582643816,-0.29029237489356874,-0.5150514717625685
0.6590477727260834,-0.16257554375394231,2.062681449873405,1.5973532335670673,0.11555534281146305,0.06836900252004949,-0.29029237489356874,-1.2613035824003227
-0.5311675692458087,-0.37002849048778946,-0.6100279411340829,-1.186730066754412,0.16293609527353398,-0.31623526254834716,0.23223389991485519,0.528180674795861
1.0225567392728883,0.4956566186005096,0.11802699894351919,0.45055734076464526,1.3061045779642666,0.8253350745970582,-1.3353449245104165,-1.125886519767388
-0.5394039521193187,-0.5546722784239085,0.2870893306137044,0.17309926273078383,-0.6021121570561931,-0.34204822143895325,-0.29029237489356874,0.09859624351372265
-0.7155685635552375,-0.501187139317493,-0.5699831648924097,-0.20898702734331528,-0.12005075570489043,-0.48231143643150254,-0.29029237489356874,0.8329069032099388
-1.3969606857643595,-1.1610239982166892,2.113612459883198,1.6158298016223411,-0.963686145648903,-0.6065995996117822,-0.29029237489356874,1.4872205167550512
-0.01940713150526484,-0.18617127502429007,-0.014757337258958163,0.31506589935402585,-0.8592634896839246,-0.3123504270645704,-0.29029237489356874,-0.38294237273532616
-0.27737854331911344,-0.14423184783066068,-0.7896268337762532,-0.6525454174752012,-0.4107552367911428,-0.36553001296201476,0.754760174723279,0.2659349193772266
-0.685359021580028,-0.5732712077054657,-0.11182225921486562,0.30147314403827136,-0.795974560488141,-0.09600962609092269,-1.8578711993188406,0.5062754789328653
-0.011553637264898772,-0.3622369458958313,0.928800200073659,1.2979774733851956,-0.23088450517696785,-0.1866110677073976,-0.8128186497019927,-0.6573650855716356
-0.008447514128815198,0.23748337598312746,-1.222327250119665,-1.2687332103336995,-0.600572689470858,-0.4837196796993406,3.367391548765399,0.21996728628134893
-0.3818770398255528,-0.5523059570828577,0.8626976565200679,0.7395212045504452,-1.0480113440929548,-0.322873815706349,0.23223389991485519,-0.2892054121336936
-0.2398763684527615,-0.3202906587451539,-0.02778822361782226,-0.17558393123037072,-1.1474363428097802,-0.2638895019713211,0.754760174723279,-0.15262985560292813
-0.18667994120181466,-0.24615783794982704,-0.20801116046234686,-0.37030226242737796,-1.195102247680904,-0.222733927552224,1.2772864495317031,-0.13903283729786511
-0.6610964886549705,-0.6501008206630535,0.4753862793335394,0.3656971864002903,-1.4146477932122705,-0.2922755161418234,0.23223389991485519,0.20519588360403496
0.1872112851956003,-0.32041840586313025,1.369809072398209,1.6492707996933005,-1.3249947817508427,-0.26983424653298,-0.29029237489356874,-0.8943581605598615
0.25415305667926813,-0.3066647389695491,1.5249865987569364,1.4599055986103548,-0.061565060920730184,-0.05884255148019721,0.23223389991485519,-0.9648690722300056
0.636640603255142,0.7164948756318223,-1.095292586848615,-0.7747107101124775,0.04499498544207798,0.10664577758830109,2.844865273956975,-0.4806522532961455
0.05568082074148791,0.2351073908668241,-1.1129933033362662,-1.015545759317963,-1.2123926791692574,-0.4179736672273504,1.2772864495317031,0.06797551978400898
0.16464509843632355,-0.12206745924646357,0.2079711719315042,-0.05745463226768573,0.4236065905937194,0.27227280925494063,-0.29029237489356874,-0.6126963666575679
2.322105459014835,1.9751440287609574,-0.3902580136150129,0.06670848538962076,0.7775038889861404,0.8346050066925316,0.754760174723279,-1.5328119306021857
0.8273492665411144,0.6664284229043277,-0.6965507223776006,0.10220448415973388,0.7255025654133446,0.725973171874089,-0.8128186497019927,-0.7880335371255566
1.3069808827104454,0.4625030143379699,0.9521278319230355,1.2617510425837166,0.18359469177416188,0.09030431663698113,1.2772864495317031,-1.393376326297647
0.7703039558296796,0.1428074025843716,0.7428944759843789,0.8899601299966753,0.49160647183140693,0.5021217237197698,-1.3353449245104165,-1.122224153137005
-0.1772345525200377,-0.4525135677346376,0.9295604769724357,1.004702691051543,-0.7321997199000493,-0.19911789889332152,-0.8128186497019927,-0.5140466800051757
0.056153484230237076,-0.28848096717259214,0.7134535138318983,0.6454318738201215,-0.4646704548155309,-0.3118293343505344,-0.29029237489356874,-0.6607042718115825
-0.908126026292001,-0.8902038686504946,1.582990854434233,0.45444847687324647,-0.9002951162447039,-0.4809778290121541,0.23223389991485519,0.25030820397556325
-0.8921114588213622,-0.8468375521556661,1.1563139558400752,0.9965401101577638,-0.4424749790548779,-0.25335198634061434,0.23223389991485519,0.3557263323319666
-0.8197919068334399,-0.4039259956355358,-1.2009438372186847,-1.394794347505871,-0.5145131057438689,-0.5351743238994556,0.23223389991485519,1.621971737811906
-0.4072845419442991,-0.45484335534118503,0.14660354393289213,0.7146493781296077,-0.7448960644345617,-0.3706621644249403,0.754760174723279,-0.022098607975700294
-1.107426733728039,-0.983643731046705,1.531742349183526,1.1415024402618057,-0.6392936509333341,-0.5092808840310371,0.23223389991485519,0.7014812817880782
-1.3110491935696513,-1.0241503960325937,0.5812719425193963,0.7757929211479039,-0.805841863257597,-0.5450210345373537,-1.3353449245104165,1.8268078562055352
-1.192192554326741,-0.9883285391508406,0.9847192625449903,1.012434989312747,-0.7226042455707015,-0.6264964387631673,0.23223389991485519,1.1645030950192077
-0.7710268145930996,-0.7871779706049024,1.1684426102810657,0.5371453459140669,-0.9498305780624456,-0.5541614739046101,0.23223389991485519,0.13929863271239765
-0.9994986186405725,-0.5009370269617397,-1.3327630706854525,-1.9915933187388495,-0.7623965146257867,-0.3954519607794746,-0.8128186497019927,2.3350385635266107
-1.0159807129691847,-0.9626188428746171,1.882058995837677,1.3861141789501206,-0.5657941981978563,-0.42015269308975667,0.23223389991485519,0.3760164633028359
0.048616169689446334,0.02948642019284051,-0.6170413200503746,-0.1441261621690261,-0.7858659612578718,-0.2591888114648816,1.2772864495317031,-0.20384484603988773
-0.34895385075259866,-0.6742637444752768,2.1222726613796534,2.031808688210972,-0.2753962014807826,0.07004193091500388,0.23223389991485519,-0.607933834289683
-0.3707958855431697,-0.11477052350084503,-1.066031688856402,-1.1454123032358388,-0.877462560195274,-0.40795175325259975,0.754760174723279,0.5932758411782538
-0.37647668052041755,-0.4745364663008256,0.36268886583964044,0.11397839523640879,-1.0587827676853139,-0.3555528612051942,-0.29029237489356874,-0.13902773241104938
0.5059755707529904,0.41089771498050687,-0.7142323726881039,-0.8106954873711995,-0.5951050935207506,-0.199678208302959,0.23223389991485519,-0.5581412430857675
2.840747805134793,2.5849943834329214,-0.3356170063434213,0.944613688406847,1.810107471325869,1.9241951417899885,-0.8128186497019927,-1.6873485923770715
-1.0213957555386433,-0.8131436069659425,0.16766205342797097,0.17902967285374702,-0.821096255524777,-0.4869292318818864,0.754760174723279,1.0771393732177605
-0.331035189259348,-0.10066191394070716,-1.0249664957037175,-1.1531974167850463,-1.230186043538278,-0.4687538974938961,2.844865273956975,0.5014528909658623
-0.49317463427369534,-0.4067933730489345,-0.3529369252079137,-0.39340125984253743,-0.37120706287462507,-0.47146947739115963,-0.29029237489356874,0.32146876528123264
2.2356275451921124,1.5183800648750216,0.24484673443828986,0.004236259610917291,1.8006788032059144,1.1896645689849679,0.754760174723279,-1.6055925851232171
0.3712616610247355,-0.08686971350208827,0.63520611089406,0.5983592751412684,0.8790474605292801,0.12569097166153873,-0.8128186497019927,-0.8696850677655037
1.7997134887704187,1.5457218665964467,-0.6196476311071406,-0.42730206964880507,1.372062302977226,0.7813174229125097,-1.3353449245104165,-1.3003702909313046
0.5991698216070482,0.9032124187030153,-1.418099530031092,-0.7125105008902222,0.5011552321185309,0.05968659983441393,-0.29029237489356874,-0.2556924591060157
0.5213439303877155,1.2095217873300033,-1.82218592378481,-1.7343087134319892,0.4849105403362684,-0.2487677950448902,1.2772864495317031,0.17356453544244785
2.4420256739000754,1.8066576341382534,0.1113733910384135,0.36287067153092545,0.8755624563960172,1.1807217052643473,-0.8128186497019927,-1.645436446732638
-0.57399981554515,-0.29809448603987454,-0.9670663188805818,-1.7152408189315849,-0.4863070992967272,-0.5434765432264744,1.799812724340127,0.8573160674962227
-0.9902526215245901,-0.6523313985954665,-0.7203150235165073,-0.7244798951233109,-0.6670262827483836,-0.5640495970164642,0.754760174723279,1.614625351917518
-0.6777835423413147,-0.6853642975438083,0.6780607651124505,0.6772246026692569,-0.570229565869811,-0.45089939784490407,1.2772864495317031,0.15592629493938834
-0.5941396023677084,-0.4634045047694602,-0.3863112043570347,-0.603880785955041,-0.3079028328173108,-0.4230946920281803,-0.29029237489356874,0.49867503011611014
-0.3709255335168731,-0.24835180789867756,-0.6615072603504728,-0.8070266432688347,-0.21077029522763585,-0.31361241872529816,0.23223389991485519,0.31676324020304336
-0.45917114555514776,-0.5523986610089482,0.5665548082739325,0.4547014464402011,-1.6486464528577172,-0.2881771677189077,-1.3353449245104165,-0.10782005277858099
-0.6785102173874321,-0.3663322120076477,-0.9893068312238489,-0.8248144228122446,-1.5730070037144772,-0.31058987464025894,0.23223389991485519,1.0809928510744855
2.128931190325111,2.655180986386585,-1.3834314447861185,-1.479498728394408,-0.5403681041903889,0.21131917354558302,3.8899178235738225,-1.199676335976032
0.1455337192688124,-0.4857025432811383,2.56883804372241,1.7890962337849103,1.1794315533966757,0.6540351259762146,-0.8128186497019927,-1.049737753580309
1.3160436247990543,0.5637455348402316,0.6123829757182817,0.6327156698356866,0.8354965284882786,0.3715281311083852,1.2772864495317031,-1.347263652692548
1.1872031318125946,1.589414878732319,-1.4920427753487475,-1.889406909574116,2.789814092653328,2.3361015944481767,-2.9029237489356885,-0.6497500329729077
0.3946863986590906,5.207091778644652,-2.8303202840490345,-4.653564053793627,6.941117997279009,13.122639856666634,-1.8578711993188406,4.636386672211673
-0.7573422108763526,-0.6328016608283876,-0.013117509800563283,0.09075254269576083,0.0694316536139054,-0.2485416834382074,-0.8128186497019927,0.5862907508103443
-1.0461032252513598,-0.8845603134278144,0.6963490954289349,0.38340321486756834,0.2513827904034472,-0.4083231848254088,-1.3353449245104165,0.8759196943438471
0.39630897918675156,1.0430988249327102,-1.79511879783274,-1.4022378209658022,0.5912641904093686,-0.2158350057950895,1.2772864495317031,0.2781362421218629
0.43163483530348923,0.2846392475064798,-0.545868026811723,-0.3342642448389394,0.054111953190433555,-0.16453695348289005,0.754760174723279,-0.5691178928758297
0.18756300529640688,0.4418136337023782,-1.2943139231474317,-1.4433153471888245,0.03897229444254541,-0.11348873425865266,0.754760174723279,0.05116281117803557
-0.8255553695708214,-0.7622707926219389,0.661613347584147,1.3210533861225102,-0.07065772802434044,-0.2902670553576706,-0.29029237489356874,0.41154903644905233
-0.9300524300548972,-0.7971738564015927,0.46987741417819057,0.4305487012931469,-0.14414264975792102,-0.44278714378642625,0.23223389991485519,0.7037422618975347
-0.9130903471935906,-0.7377722294519258,0.07613868566121823,0.3983035667559594,-0.059804072865581176,-0.3648300362690827,0.754760174723279,0.8613503072365747
-0.768058421726238,-0.754190481688175,0.8617486447313996,0.8553711089604459,-0.18394925823913852,-0.23262233785810094,-1.3353449245104165,0.2359679266145526
0.8988492456269198,0.7236591476632348,-0.6886637865992656,-1.1140769566383972,1.4970817775119059,0.716417187056292,-0.8128186497019927,-0.8353386453281019
-0.7657607964064637,-0.45827657056352383,-0.8843454304786186,-1.2603001421272972,-1.167535365313484,-0.3927210089376665,-0.8128186497019927,1.1787339849004868
-0.45714927692172663,0.2655187204958622,-1.8848003046425372,-2.652021156300337,-1.334737043555642,-0.2888228294381685,1.2772864495317031,1.7398166661174121
0.8980422697747382,0.0168428908774247,1.7904725318056258,1.2444762574555102,-1.5665519290484338,-0.037986245777738264,-0.29029237489356874,-1.3353609361428649
-0.7111858127061262,-0.7222149216833761,0.8405390225522834,1.1220244383773892,-0.6541506812016322,-0.3736263854607841,-1.3353449245104165,0.15113493254467847
-0.3830800156212961,-0.3631320820936315,-0.23798837415880666,-0.1769203111881023,-0.362559172330058,-0.2320820979504491,1.799812724340127,0.11047911277350428
-0.45636251526156607,-0.642144519432537,1.2836116402679703,0.9035941133651545,-0.2928631164916886,-0.289633395155746,-0.29029237489356874,-0.3179000043168068
-0.08879506580016697,-0.2149425403350656,-0.07854272436472819,-0.38182301858649215,-0.032173820564599685,0.016392626358447727,-0.8128186497019927,-0.2927939309121182
0.4588399154220189,-0.18448701083348257,1.4614770356630222,1.2534744944195442,-0.15282477151391846,-0.04687304096059624,0.23223389991485519,-1.0762186391518334
-0.7203033863188562,-0.46325456238361906,-0.7436283233659293,-0.7267567186651529,-0.14818619798692573,-0.24314825733004167,0.23223389991485519,0.9670185229097206
-0.48620453456303364,-0.5974776067694567,0.7868250257059757,1.004704675583055,-0.2959221239498772,-0.40950750566275906,-0.29029237489356874,-0.14454016054202956
-0.8352580752471351,-0.7735847062007551,0.7164582455551474,0.5619212246741234,-0.574629441645965,-0.3677613796770983,-0.29029237489356874,0.40816910105624926
-0.3461047744513919,-0.0773673779141027,-1.1141898951611098,-0.6427192574607488,-0.7748107356880791,-0.303490494711212,-0.29029237489356874,0.5936487747831227
-0.8893191555024238,-0.7357558196173988,0.16215355532526912,0.4133106491865058,-0.29772273006203287,-0.43066574383341216,-0.8128186497019927,0.7632556819070279
1.6384254777053164,0.8657557763672928,0.4790445145418989,0.5650388157102532,1.1585135551639967,0.461304097499616,-1.3353449245104165,-1.448167974366599
0.9299248585374017,0.19324980831882785,0.9837543084340771,1.012328815389049,0.5496127199250747,0.19281295202674073,0.754760174723279,-1.2399370435638368
2.0657343032754882,1.8267527854231838,-0.6024734235573106,-0.778880565075823,1.015366652887405,0.5842272005558788,2.322338999148551,-1.4048549787557285
0.06253311327657529,-0.2516922363599866,0.5321691960680174,0.7096303551852747,1.053998177121809,0.3652994919291478,-0.8128186497019927,-0.619985657192668
-0.08999327796802287,-0.4108978551251393,0.9667780019580172,0.9041450251007802,1.5776658100861805,0.041142137454351635,-1.8578711993188406,-0.6007247053043713
1.4914642698607299,1.4983387556033265,-1.0156788501799368,-0.11067026524558517,2.6902316844471876,1.9497824957333925,-1.8578711993188406,-1.0450198934808421
3.3424402018806347,2.76059206210678,0.3786625638384491,0.7559805833338523,2.1401253656829184,1.8476106920363946,-1.8578711993188406,-1.8793329917029853
2.000603731851175,1.8677866354976045,-0.7592233673855223,-0.74178421067022,1.3021557482922794,1.0986362503212315,-0.29029237489356874,-1.3437458514264997
-0.3336700461697046,-0.24082100347001148,-0.599098847164996,-0.5948142378689444,-0.22195989749911646,-0.33781117834266644,0.754760174723279,0.22936350628640773
-0.09335740213202957,-0.07631037366411321,-0.5992991464110387,-0.44327526238487763,-0.3580379293299675,-0.2372900783230739,0.23223389991485519,-0.06343712123754952
2.354550454107235,3.381057414075883,-1.6337113662390048,-0.6735017235833319,0.7827800415814453,0.9974230330367847,-0.29029237489356874,-1.1879939844703495
0.28860903305201946,0.07139785196492492,-0.21987709238533448,0.05917449160869318,0.1460587758260039,0.24754980475189783,0.754760174723279,-0.5763894440719802
1.7609402069790439,0.8028736569611692,0.9850381425561593,0.8731679203602186,0.7928810200423114,0.8819413288885213,-0.8128186497019927,-1.555068943235015
0.5309690739929506,0.9082653465155426,-1.5070876814723937,-1.3680059801919564,1.3434629102225892,0.6974892617184043,-1.3353449245104165,-0.12908214266952833
-0.0653801152968604,-0.12676867160808525,-0.3641278876797309,-0.5044725846045307,0.3956944690666326,0.21398268169840978,0.754760174723279,-0.20234446743115694
-0.376148659926331,-0.5393441014607846,0.7902919206889063,0.7253845033534185,0.2739687605215855,0.03245563448328639,-0.8128186497019927,-0.2748615882524003
0.9219107646467736,0.9209501306588511,-1.0046497972865793,-0.6055944220605681,0.9655347479450007,0.27415670330220465,0.23223389991485519,-0.7258029118128425
1.0904137806319776,0.4423887833656488,0.4504842021928617,0.6041720762817455,1.5491784339285346,0.5409222420547999,-1.3353449245104165,-1.22383547695551
0.3452459068159363,-0.1244209105293585,0.7431974614278671,0.21756742694699505,0.7972911725686022,0.10945605117559452,-0.29029237489356874,-0.8760958657765682
-0.2554421034900528,-0.5638525762723764,1.4777270785705572,1.1644486770984384,0.17317984718026533,-0.08046440123868176,0.754760174723279,-0.5680124607363979
0.6716814575105527,0.12568579633237867,0.5405198704961008,0.149309951489471,0.4998588737457415,0.016350634549061906,0.23223389991485519,-1.0306860245150655
-0.026996997272041787,-0.21448253623514807,0.08814935738766311,0.21531600630098308,0.19694713664020344,0.03666277905080168,-0.29029237489356874,-0.4109980035509848
1.5906891697910979,1.5271257904974278,-0.9131023801539672,-0.6294498847668474,1.0688526063259622,0.6793441737489097,-0.29029237489356874,-1.1276421263745133
2.142017668781848,2.682335624005936,-1.3900450532659536,-1.42456230199463,1.1740621602466021,0.8602134882870166,-1.3353449245104165,-1.202616429376785
-0.473969060365124,0.011659684597808218,-1.527007182936501,-1.5178374487252329,0.1667112392308897,-0.15271035383810133,0.23223389991485519,1.2297887269450059
-0.5725122259932564,-0.3555374430943658,-0.76964909396288,0.06347749556417005,-0.1651295868817854,-0.4007956535689743,-0.29029237489356874,0.7045332914546334
-0.2605063912191354,-0.5265851251151397,1.1500687301191788,0.9479043817330511,-0.4491804321864103,-0.35345027684554353,1.2772864495317031,-0.48936152791582316
-1.1296219125875941,-0.7833615217176196,-0.5222704145600919,0.28041927498037006,-0.24599055393868619,-0.3830864493546681,0.23223389991485519,1.8959077801020012
-0.4878179460883178,-0.48597551687710444,0.0571688918062874,-0.32343988683926744,-0.7146006475310703,-0.542868957214598,2.322338999148551,0.12032094001842025
-1.0124588058625594,-0.9162741368808334,1.2606031804413256,1.4088879199158604,-0.49599020120575643,-0.5219960943268593,-0.8128186497019927,0.5685991864550659
-0.637699889871532,-0.7451684894884457,1.4150398344343527,1.177862273517475,-0.06393317002031425,-0.482222262136278,0.23223389991485519,-0.1284462155845667
-0.8939660370052336,-0.7799294645071858,0.4927717929184613,0.64380132033001,-0.33898955376971734,-0.5286371474029693,-0.29029237489356874,0.6162326031144464
-0.8578052113889021,-0.6647609198462441,-0.18742669241009868,0.33585298391538726,-0.2675847086113047,-0.5346714949803293,0.754760174723279,0.8869358892181356
-0.9018837455603396,-0.7306631415522725,0.0722809948986194,-0.0035456766266372852,-0.19131569492190303,-0.5089687230265321,-0.29029237489356874,0.8380851126496887
-1.0672883717994814,-0.8523406315342642,0.27332192687838647,0.21416694193613997,-0.019181153779104596,-0.4029379306880105,-0.29029237489356874,1.143947572177022
-0.4176547538906939,-0.18770000579058715,-0.9597402183594285,-0.5637543364166968,0.13112698865796146,-0.21174246465634033,0.23223389991485519,0.5850083050127515
-0.297729300914362,-0.26358752182053624,-0.42571983495666615,-0.14093979044845883,0.11597236365884181,-0.35937166826238337,-0.8128186497019927,0.09102269579256352
-0.670431191204849,-0.3843523072184022,-0.9089595209740511,-0.8427573751056483,0.15530431510013812,-0.2390299038920978,-0.29029237489356874,0.9959442610358837
-0.29068492035795535,-0.1288776591054749,-0.8639861551075212,-0.803143330302239,1.3219686959553427,-0.3141373760261737,0.23223389991485519,0.3312045134964011
3.9578293920373935,6.095497772579944,-1.413505089316081,-1.0009640317440867,1.4417227285919687,1.8594168674781695,0.23223389991485519,-1.7587140903691645
-0.5341753573620419,-0.6000083827207386,0.61457083933466,0.6002171350570167,-1.5829020019651099,-0.2893371063377276,0.23223389991485519,-0.027477418257300754
-0.1337905211885342,-0.2743073219357831,0.0608896172617531,0.4735734723596849,-1.5028835858588663,-0.30789547237351805,-0.29029237489356874,-0.29828911194070645
-1.0280534856745387,-0.7775446290670934,-0.13150720827009474,-0.24249580494869552,-1.2620816795627903,0.019572760985612673,-1.3353449245104165,1.2758313123423202
1.0872753749213222,0.6483175011105182,-0.1622134467369949,0.1738793583538025,1.127409787370634,0.47087499323784743,0.23223389991485519,-1.0939177985668826
