ward_name,ward_no,area_sqkm,log_area,perimeter_km,compactness,solidity,dist_center_km,local_ward_density_km,num_neighbors,perimeter_area_ratio,facility_count,predicted_facilities,residual,desert_score
Kempegowda Ward,1,10.351338098514274,2.4293356311206704,20.95041565041081,0.2963610129796431,0.7975556831331196,15.889739654710636,3.2349759767851145,4,2.023933084884728,29,13.556469277429832,15.443530722570168,0.0
Chowdeswari Ward,2,6.960329535539619,2.0744703979365173,14.420541829109638,0.42060701188036226,0.749725708307498,16.725854561147816,3.3372278732964653,2,2.0718188349384876,1,11.989062137643772,-10.989062137643772,10.989062137643772
Someshwara Ward,3,3.867141054108805,1.5825067121672918,11.278956065945657,0.3819988604144675,0.7218356629727883,14.789116205677683,2.4462178593816,3,2.9166135675247378,33,9.488511214713265,23.511488785286737,0.0
Atturu Layout,4,5.146416139723716,1.815869170450262,13.045862751778762,0.37998736311334935,0.6812166280434554,14.395438783451826,2.897657880631294,3,2.5349412868270553,13,12.041133903026576,0.9588660969734235,0.0
Yelahanka Satellite Town,5,4.048418450752788,1.619075016168021,9.556379063155447,0.5570683995799369,0.8611775962121705,13.276135609645502,2.7512352032917695,4,2.3605215664844317,19,13.514492724177185,5.485507275822815,0.0
Shettihalli,17,6.495772394230941,2.0143391808453264,14.753603144897104,0.3750113988474437,0.6988325418835901,13.533529162393105,1.7989165413123982,6,2.271262330250387,7,11.331026571730328,-4.3310265717303285,4.3310265717303285
Mallasandra,20,1.2122054470403083,0.7939899577559754,5.50559792403619,0.5025474945572328,0.8204830336157204,12.608418458793711,1.4627412286284414,3,4.5418026601666615,1,4.473898300820084,-3.4738983008200837,3.4738983008200837
Mattikere,59,0.904128663822997,0.6440245096233381,6.196901485951776,0.29586317797060196,0.66397987017413,7.69626066644087,1.4962054626500683,6,6.854004008399579,8,6.278199493705021,1.7218005062949793,0.0
Aramane Nagara,60,7.473512673675734,2.136945142133859,15.8006575551561,0.3761701391734127,0.7796700632298922,5.202151809870425,1.6537665718042267,8,2.114221015615778,28,21.979192864591035,6.020807135408965,0.0
Malleswaram,61,1.8096569598674728,1.03306239755451,7.588558998817801,0.39490032529122016,0.7303621908250522,5.94012133219498,1.4542978819321408,7,4.193368780441977,17,14.18054499679733,2.8194550032026697,0.0
Chanakya,37,0.5342918217972469,0.42806892070470104,4.385243606382367,0.34914107326340993,0.7035526948898827,7.341234744894292,1.2483577030512791,3,8.20758137684256,5,2.496613359345572,2.503386640654428,0.0
Peenya,41,2.8625436045150687,1.3513259313549812,8.617519075261544,0.48439256458663604,0.8661376244668391,9.677022312610404,1.5694441904113674,7,3.0104411550864048,1,13.507240157385842,-12.507240157385842,12.507240157385842
Nelagadderanahalli,23,4.665957451033447,1.7344758918554983,10.28543093373731,0.5542499385499987,0.8692329446341818,11.187910680248882,1.787164718221493,5,2.204355920875195,2,14.03753121697995,-12.03753121697995,12.03753121697995
Nandini Layout,53,0.9537387683315739,0.6697448539623988,4.258675847377825,0.6608305791888044,0.8926667662336047,8.1137354521979,1.1408133171537542,6,4.465243511939599,2,8.411013444341872,-6.411013444341872,6.411013444341872
Marappana Palya,50,1.9000118576169458,1.0647148258174988,5.952619380618369,0.6738293867714948,0.9237022139813834,7.317107019909685,1.2250067227781674,5,3.1329380165470813,5,13.178471215854922,-8.178471215854922,8.178471215854922
Subramanya Nagar,62,0.9412617677713961,0.6633381574180314,4.356994263849096,0.6230835799986448,0.9087894080955022,5.6477441759835,1.1897423905068996,6,4.628886897387802,10,11.517233604095988,-1.5172336040959884,1.5172336040959884
Kadu Malleshwara,64,1.360796857768348,0.8589992136428044,6.978887603079164,0.3510999389061984,0.6987114285203243,4.430036713908937,1.1481837094492833,7,5.1285300691568745,28,12.958435187199255,15.041564812800745,0.0
Rajamahal Guttahalli,65,0.7207310979925933,0.5427492574866754,4.176511970947419,0.5192250828145304,0.7932516679900302,3.701409238662109,1.4499312948228382,4,5.794826923078515,12,11.704727286724008,0.2952727132759918,0.0
New Bayappanahalli,119,3.6550870018893966,1.5379606005413557,9.277489202913332,0.5336379016074547,0.8363752954124893,4.411225359971248,1.5414447307282821,9,2.5382403204404134,6,20.74228217782514,-14.742282177825139,14.742282177825139
Dattatreya Temple,132,0.7150981863495796,0.5394703304948876,4.757627557596698,0.3970037952046866,0.6971490662598683,3.5417961235691098,1.203869677296714,5,6.653110927162814,22,9.955135922040942,12.044864077959058,0.0
Subhash Nagar,134,1.3174506113019078,0.8404677070341986,7.69341350806233,0.2797087523165904,0.656887267139167,3.0614063557040345,1.0290384317468604,7,5.8396219501994695,9,12.885298292588775,-3.885298292588775,3.885298292588775
Gayithri Nagar,63,0.6458004213908802,0.49822684422959357,4.993159349585653,0.32550475394299444,0.7246070728456789,4.675699137363899,0.9218333198100952,6,7.731737521681594,3,6.506063661114435,-3.5060636611144353,3.5060636611144353
Hegganahalli,26,1.502359401205654,0.917234047294492,8.005429836815095,0.2945875523244442,0.7193735137590199,9.923046367669821,1.332420297495902,5,5.3285717321638755,2,6.863024684077652,-4.863024684077652,4.863024684077652
Sunkadakatte,27,1.2451291575434245,0.8087630507391053,7.287211443699032,0.2946466617937033,0.5916403343583037,10.562777440686554,1.5322268677950375,6,5.852574730541468,3,4.753857701098113,-1.753857701098113,1.753857701098113
Vijayanagara Krishnadevaraya,45,2.958846209284591,1.3759526215206714,10.097880774497307,0.3646462731718518,0.6700084333987963,8.741518544562314,1.3696014077477037,10,3.4127764879469145,5,13.03086153889966,-8.03086153889966,8.03086153889966
Shankar Matt,56,0.7511463247590766,0.5602706162080556,5.0999476022882595,0.36291338189211203,0.7916315060195992,7.216637054181832,0.8963642039644778,5,6.789552759808845,6,5.439560969358685,0.560439030641315,0.0
Shakthi Ganapathi Nagar,57,0.6709672829460863,0.5134026700954788,5.043600614611297,0.33145901094274943,0.7059249029685991,7.333624583562528,0.8678745147774372,5,7.516909904259164,2,3.361085516515497,-1.3610855165154971,1.3610855165154971
Vrisabhavathi Nagar,58,0.787856776091243,0.5810175706856706,4.030692292785498,0.6093935437430807,0.8623406538301855,7.694777719844136,1.012865859529882,4,5.116021610911038,0,6.959795323682631,-6.959795323682631,6.959795323682631
Kamakshipalya,145,0.9908860563460283,0.6885797940852952,4.7647070004468794,0.548480487984795,0.8392908032507729,6.766319290388343,0.9440947445913773,6,4.808531687303299,6,9.346116100774205,-3.3461161007742053,3.3461161007742053
Basaveshwara Nagar,144,0.8387244868794117,0.6090721175847187,4.487615433029606,0.5233568596046113,0.9079643725113432,6.071439939341116,1.0299056992272404,9,5.35052392440143,8,10.271880923253546,-2.271880923253546,2.271880923253546
Shivanagara,143,0.735102086570949,0.5510662511900065,3.950241880411754,0.5919842351174041,0.8690001976786522,5.210152605349999,0.90800043943659,4,5.373732373470134,13,9.192783789819085,3.807216210180915,0.0
Rajaji Nagar,141,0.828570533227231,0.6035345322287803,5.02462155411308,0.41241327319538007,0.7711987614402751,5.375537695552979,0.9361033790952711,5,6.064204980283923,16,8.719161865364274,7.280838134635726,0.0
Sriramamandir,142,1.0586511111120949,0.7220509678950348,5.379701347406918,0.45967024100453757,0.7473572556983638,4.408355398632104,1.016467838066318,6,5.081656544766324,31,11.896905604012789,19.103094395987213,0.0
Prakash Nagar,140,0.5666809694860843,0.4489593494654327,4.877273725474263,0.2993603184851894,0.6676936255834102,4.61035617161857,0.8369969201300375,6,8.606736396843184,2,4.363712803097656,-2.3637128030976564,2.3637128030976564
Dayananda Nagar,139,0.4455054022276198,0.36845901973993306,2.889023313831908,0.6707500993285622,0.9397487978058809,3.939210886219568,0.9371378971191214,4,6.4848221803511015,3,8.003087995959849,-5.003087995959849,5.003087995959849
Okalipuram,135,0.8235089194782829,0.6007626226603289,4.660423584295214,0.4764610337892508,0.7760084992239127,3.5603155271948177,0.9820094861822364,6,5.659226602242183,0,11.472546892533234,-11.472546892533234,11.472546892533234
Gandhinagar,133,1.923235129419653,1.0726909240227531,8.705580243159003,0.3188943327647959,0.6554877710325397,2.309615262199919,1.2714883163781092,6,4.526529341103478,12,17.070601844530763,-5.0706018445307635,5.0706018445307635
Bharathi Nagar,130,0.6677341749948288,0.5114659237271088,4.232662867142709,0.468366809945387,0.8105785427550654,2.5871505581587426,1.4889034744895224,4,6.338844147336758,5,12.50872318295702,-7.50872318295702,7.50872318295702
Ulsoor,131,1.8583565882160098,1.0502468401698104,6.749023482030968,0.5126925861140373,0.7772532895665591,2.821559688727338,1.645681817686206,8,3.6317160682869343,11,19.239311202470432,-8.239311202470432,8.239311202470432
Hoysala Nagar,120,1.5586258917590792,0.939470353352089,6.7292603293074436,0.4325308521082396,0.7695416904527856,4.714489584564937,1.4490679161648878,4,4.317431376500964,62,14.747093172524629,47.25290682747537,0.0
Konena Agrahara,125,0.8932115191730704,0.6382746035302149,5.037161272412047,0.4423769274768048,0.8564987389005098,7.058115606095683,1.815288536185261,2,5.639382345936849,20,10.007102524447102,9.992897475552898,0.0
Chickpete,138,0.7128684558451902,0.5381694247092818,4.141008807876518,0.5224045529379533,0.8435300416735032,1.8834983510011751,1.2619177543756783,5,5.8089382044080775,7,13.741618613349111,-6.741618613349111,6.741618613349111
Cottonpete,137,0.7569627770594923,0.5635866234708641,5.829347308880898,0.27992682986701345,0.6854459925630765,3.077677422853495,0.9661691557675299,8,7.700969566199356,3,8.984617593351194,-5.984617593351194,5.984617593351194
Binnipete,136,0.7742636204124473,0.5733854751089733,6.315956466433023,0.2439048645429778,0.586622407214411,3.849887138287049,0.8803977786227881,6,8.157372114511253,1,6.1827906694967405,-5.1827906694967405,5.1827906694967405
Kengeri,33,2.566680728708958,1.2716353954206585,11.228876371095867,0.2558050495972071,0.6326738613006119,12.897450133012885,2.9354709280192415,2,4.374862929190262,7,9.30671106460871,-2.3067110646087094,2.3067110646087094
Basavanagudi,210,1.1137072043755343,0.7484433747219844,5.264779134243832,0.5049176821896103,0.8484343338899717,4.7144682659348875,1.2282332432546625,6,4.7272560629576255,14,13.23686402025592,0.7631359797440798,0.0
Srinivasa Nagar,212,0.718088153130321,0.5412121337301453,5.863505044165393,0.26246598011235034,0.6220601149654857,5.210743199271056,1.0088560157106659,5,8.165439046174132,8,4.881431515006684,3.1185684849933164,0.0
Srinagar,213,0.8408766828593496,0.6102419162265198,6.379519070754314,0.2596368274666016,0.6239092680582975,5.574207209122533,0.9439636172900666,5,7.586747499123356,24,5.518446707942592,18.48155329205741,0.0
Girinagar,214,1.4140889593347203,0.8813219734191764,6.6106758934772385,0.406625738546938,0.7514810937444689,6.485056188473817,1.106592469559335,6,4.674865643946002,12,11.236826893055568,0.7631731069444321,0.0
Bande Mutt,34,6.399214534116075,2.0013738505380787,23.863131010732385,0.14121527726144134,0.5290549171919143,13.719364006754292,3.6089022898859513,4,3.7290718858558485,5,10.388049161093242,-5.388049161093242,5.388049161093242
Kudlu,243,3.3321318359573704,1.466059761722153,8.920751286189315,0.5261737493641614,0.8583299482056732,11.514021735150683,2.2254658793758813,3,2.6771903770206777,8,13.177423470832153,-5.177423470832153,5.177423470832153
Hudi,106,9.004228259030954,2.3030078295314587,15.889318679989161,0.44817312380284663,0.8410960047348929,14.112875593359089,3.0014799116280058,3,1.7646508088078154,14,15.677037594196902,-1.6770375941969018,1.6770375941969018
Bellanduru,115,9.501696146146385,2.351536781845891,19.34015804917673,0.31922064029341696,0.7417014182265802,9.231496286236313,2.766952261591825,7,2.035442699040691,12,20.192239659796655,-8.192239659796655,8.192239659796655
Marathahalli,114,4.25243593622487,1.65869195684681,13.558679238372205,0.29067847319940276,0.6227716067546232,11.550986739008835,2.6222157498974763,6,3.1884499711967482,22,13.322467211015157,8.677532788984843,0.0
Garudachar Playa,107,2.3171802992834483,1.1991151146177463,10.470476254620143,0.26560535025082627,0.6108349876104143,11.701996911084285,2.081522658612344,5,4.518628204226479,10,8.240167283620316,1.7598327163796839,0.0
New Thippasandra,122,2.628262760168998,1.2887539552556941,9.532369995142663,0.3634769403870851,0.758813089280347,7.133707094848458,1.724920929001491,7,3.6268710037689416,13,15.486320172855795,-2.4863201728557947,2.4863201728557947
Jalakanteshwara Nagara,123,1.4630499719931451,0.9014004080081569,5.280926626850315,0.6592479034034624,0.9354575181488183,8.710154952049734,1.5653727391320484,4,3.609532639309642,22,11.173069951019494,10.826930048980506,0.0
Nagapura,51,1.7173879529104148,0.9996711074834782,6.076580860195559,0.5844666207402663,0.8763547419414407,6.169666567551089,1.206546578122132,8,3.5382691778510083,46,14.312235044154459,31.68776495584554,0.0
Jai Maruthinagara,54,0.5869923144550718,0.46184059871910627,4.453274508535564,0.3719489573396409,0.7649917096249224,7.808413515592785,0.9155753463323878,5,7.586597641690957,0,2.8334485009941535,-2.8334485009941535,2.8334485009941535
Puneet Rajkumar,55,0.6600247543488066,0.5068325145155824,4.978520353015826,0.33463357587771847,0.641455300734731,7.419773559876694,0.8689690465610406,7,7.542929746517966,1,3.04749340586741,-2.04749340586741,2.04749340586741
Sampangiram Nagar,129,3.5457458459487428,1.514191816685072,13.82317551969893,0.23318565047808412,0.5559037832436925,0.5057839035651831,1.8593623823311702,8,3.898524068072407,28,22.41066456489256,5.58933543510744,0.0
Old Thippasandra,121,2.0628452765693215,1.1193443128853637,8.914891553963166,0.3261702826455817,0.7227408240616959,5.6906387645755006,1.5415112092239294,7,4.321648189140657,36,14.918307912658827,21.081692087341175,0.0
Jeevanbhima Nagar,124,2.473435027150036,1.245144025678612,9.399506946996672,0.35180355548680126,0.706797502478996,6.1894118334298955,1.690944639129326,6,3.800183487264292,18,15.626575826713761,2.3734241732862387,0.0
Veeramadakari,40,5.53355877879525,1.876951783931467,12.901491493886116,0.41776740331180195,0.7759759132958135,10.098490733150822,1.907591910639706,8,2.3314998556308804,3,16.09416898008595,-13.09416898008595,13.09416898008595
HAL Airport,93,7.287644952323156,2.1147658458354233,18.955910395340233,0.2548635779950626,0.6671315712300098,8.61874680981359,1.9922819716961229,7,2.601102347788975,6,16.827981080310195,-10.827981080310195,10.827981080310195
Lakshmi Devi Nagar,42,0.8077248220581112,0.5920690501972629,5.871768925688952,0.2943983562452912,0.7196795279861801,8.896924484311228,1.1476920154397316,5,7.269516505296294,0,3.2405125349951422,-3.2405125349951422,3.2405125349951422
Doddagollarahatti,31,7.367713920893931,2.124380719464499,21.594446965694072,0.19854476746240038,0.5872479589349643,12.286715755587567,2.7678351366314167,5,2.9309562229954227,3,12.725589834578967,-9.725589834578967,9.725589834578967
Ullal,32,5.152670915660161,1.8168862827688435,15.56296697137318,0.26733602043573784,0.6731364425519252,11.954512060307223,2.5699316744306615,3,3.0203688972400156,3,13.044912974062434,-10.044912974062434,10.044912974062434
T Dasarahalli,21,1.0936233842954475,0.73889624159034,6.001135313323541,0.3816021503238557,0.7004258137599763,11.984776388210689,1.5090606841803906,6,5.487387522524213,3,3.845594820419021,-0.8455948204190209,0.8455948204190209
Chokkasandra,22,2.1945667803240796,1.1614514856231268,9.0447456530315,0.33710558498668874,0.7286600729368429,12.148424608669252,1.6986672826580318,7,4.121426485684719,2,8.24326294027527,-6.243262940275271,6.243262940275271
Rajagopal Nagar,24,1.8567219423956818,1.0496747934844854,9.420879947067876,0.262889835641305,0.5541066714512259,10.099009470000304,1.441961308467823,6,5.073931498279355,2,6.8091741440732125,-4.8091741440732125,4.8091741440732125
Rajeshwari Nagar,25,1.2058433421558168,0.7911099038744065,5.421318553129947,0.5155738717780524,0.8760042558899589,9.802020082131508,1.2896314249313356,5,4.495873023968161,1,7.949764882810863,-6.949764882810863,6.949764882810863
Ranadheera Kanteerava,43,1.0389639504797061,0.7124418114358809,5.787360154142641,0.38980672124380683,0.7681602647742586,8.529702664085615,1.1173272949727606,6,5.570318538454126,2,6.994626000831414,-4.994626000831414,4.994626000831414
Veera Sindhura Lakshamana,44,1.3855784344108744,0.8694416250859318,8.74901346981243,0.22746930931127674,0.629375137801462,9.080530375841816,1.309291491941642,7,6.3143400997954835,1,5.712822012897215,-4.712822012897215,4.712822012897215
Sir M. Vishweshwaraiah,46,3.6494540187001014,1.5367497973722335,7.980373523265484,0.7200975312122136,0.9410404771691951,10.03275907997383,1.955254456143937,6,2.1867308047651504,3,15.025484346198894,-12.025484346198894,12.025484346198894
Nalvadi Krishnaraja Wadior Park,47,3.4034640665166753,1.4823915190204027,9.777208418654437,0.4474054680979893,0.7918074192102875,10.876858069547232,2.2629482851273517,4,2.8727226812360804,12,13.815517694923013,-1.8155176949230132,1.8155176949230132
Chatrapati Shivaji,36,1.7182022317058314,0.9999707175621823,11.495166713048246,0.16340058026780008,0.5165508107282665,8.180708080261745,1.3673604889434894,8,6.690229183113004,2,5.693392489995679,-3.693392489995679,3.693392489995679
Jnana Bharathi,48,9.947678655241868,2.3931274388333224,23.505170806760546,0.2262584401398153,0.6262747902852249,9.35689332605532,1.7207021258341304,12,2.3628799865157126,14,15.855247169828331,-1.8552471698283313,1.8552471698283313
Rajarajeshwari Nagar,49,7.545025712435239,2.1453493256250793,18.50321021750106,0.27693409160756494,0.6952000343682381,10.160960586793307,2.666022020675503,6,2.4523720558042936,4,17.340062856514717,-13.340062856514717,13.340062856514717
C V Raman Nagar,117,3.0439749309850517,1.397228102074978,12.506721839809527,0.24454790897529155,0.519663370049989,7.232273993318778,1.704857717293923,8,4.108680959393534,13,13.332289228728715,-0.33228922872871536,0.33228922872871536
Lal Bahadur Nagar,118,3.776998096517482,1.5638123359395608,10.108125082482651,0.46453176329732315,0.8320151748910579,6.753594840042293,1.7325223991415661,5,2.6762325063924917,8,18.050868539343014,-10.050868539343014,10.050868539343014
Hanumanth Nagar,211,1.1627985202318982,0.7714029943345679,7.46156301956668,0.2624549159254407,0.6832583133736051,4.702836749853595,0.9703354778072841,6,6.416901027771012,10,9.663985562110199,0.33601443788980134,0.0
Mahalakshimpuram,52,0.9436410093347121,0.6645630230052995,6.462650908096893,0.2839195354801356,0.6886459631405814,7.0515288197185875,1.0396150952672794,5,6.848632948512067,5,5.882253357187236,-0.8822533571872357,0.8822533571872357
Vidyapeeta ward,216,0.8498322543130937,0.6150949616348836,5.075594126833358,0.41454272875053716,0.7564833519583763,6.103872809731678,1.1603815592541138,6,5.972465861437422,6,8.730250618130125,-2.7302506181301247,2.7302506181301247
Katriguppe,215,0.9682507196328999,0.6771451887030508,4.6215477158354785,0.569669292441056,0.8936482869139649,6.582747212244716,1.0762438186056682,6,4.773089884805539,9,10.176068934172006,-1.1760689341720063,1.1760689341720063
Anjanapura,224,11.21772912769346,2.5028881040434863,18.13590347289762,0.42858446177855,0.8031533164188286,12.966332718994725,3.090179650235862,4,1.616717899536824,2,17.642240819238115,-15.642240819238115,15.642240819238115
Shantala Nagar,181,4.132340579528296,1.6355618084501364,11.278399044549186,0.40823577362471536,0.7825228266466747,1.3608842402146692,1.6034225791526278,6,2.7293004599917583,31,24.10901769463971,6.890982305360289,0.0
Yediyur,200,1.151510094362614,0.7661699650645553,6.176880035375817,0.37926195549229846,0.704520935848703,4.574669622256549,1.2860393484258208,5,5.364156220267313,17,12.099490409503218,4.900509590496782,0.0
Jagajivanaram Nagar,167,0.6849375131389327,0.521728478926145,5.683481979219168,0.26645988862030123,0.6216854322394562,3.9411448134030085,0.8691027926590795,7,8.297810924638801,2,5.976732238318416,-3.976732238318416,3.976732238318416
Subramanyapura,218,8.713275912025143,2.273493600484888,18.276846115564627,0.3277848070707545,0.74307037937375,10.524722556151925,2.383554146514917,5,2.097586062934247,4,17.181610900873434,-13.181610900873434,13.181610900873434
Ibluru,229,3.420457127180409,1.4862431131808815,14.814091220273552,0.1958592044498085,0.5558691537720901,9.523205947238996,2.043013616636576,7,4.331026722292314,8,11.193233513779226,-3.1932335137792265,3.1932335137792265
Naganathapura,228,4.870831193182211,1.7699962240170415,11.13365694162214,0.4937842938443814,0.8734370242255418,13.211610135175102,3.102111796382869,2,2.2857817280151527,4,15.133521717246701,-11.133521717246701,11.133521717246701
Chamundi Nagara,71,0.6607859311023658,0.5072909427964987,6.109218960894298,0.2224842488691875,0.5762157950060699,5.943416678148355,0.9629315914526877,5,9.245382919552332,8,1.6513999966199577,6.348600003380042,0.0
Hulimavu,239,4.708780263834451,1.7420053868096896,12.801107574712828,0.3610964294271314,0.76454409591845,10.599363752878633,2.1431307774819737,5,2.7185612531192183,5,14.839029082173752,-9.839029082173752,9.839029082173752
Devaraj Urs Nagar,169,0.45792801480630774,0.37701625980676995,3.2362125945087743,0.5494560881906364,0.8762264224259863,5.133001771124522,0.798366836713913,5,7.06707711664597,9,5.848814844060687,3.151185155939313,0.0
Puttenahalli - Sarakki Lake,241,1.3405240977971187,0.8503748777088808,6.530868740128995,0.3949504190848289,0.7697705295725866,8.138710801151113,1.2037384940577263,4,4.871877164208508,12,9.012767373966728,2.987232626033272,0.0
Jogupalya,179,1.1768756176324549,0.7778906458624432,6.048112113765826,0.40429722751100955,0.7597163345520654,3.9646985843031257,1.4394569048472667,5,5.13912602415278,25,13.918925386561451,11.081074613438549,0.0
Domlur,178,2.2650294548040173,1.1832687840671867,7.9432762972120905,0.45111199970595106,0.7754132924667952,4.614400771413457,1.6592159628032337,5,3.506919647497205,27,17.64084386960149,9.35915613039851,0.0
RBI layout,222,1.834290379543286,1.0417915988082747,8.481304125350038,0.3204443946980468,0.6835408164409417,9.2506055935251,1.5219255458970076,7,4.6237521713774505,14,9.720594231287487,4.279405768712513,0.0
Attiguppe,161,1.4052934688809913,0.8776719205960836,7.425907339820323,0.3202416688216764,0.6561756343561874,7.1286435059245745,1.1523169822400114,6,5.284239558683378,25,9.260022146002216,15.739977853997784,0.0
Bapuji Nagar,160,0.4546456187858951,0.37476230998577187,3.335688594772538,0.5134662162899121,0.7925643851145204,5.744011982217218,0.8862522593485258,3,7.336898139874969,0,4.27655977356866,-4.27655977356866,4.27655977356866
Kanneshwara Rama,39,2.27041188188236,1.1849159347393388,12.467295280714604,0.18355660804192336,0.5799147602025636,9.713678834156703,1.799344752295695,6,5.491204208453216,4,7.772728158943312,-3.7727281589433117,3.7727281589433117
Padarayanapura,168,0.5078265156879878,0.41066922032062847,3.434449009479056,0.541017223997659,0.8486127289039996,4.641750039557514,0.8587288362564373,6,6.76303600418771,8,7.286698981494483,0.7133010185055166,0.0
Yelachenahalli,220,1.0154490319002598,0.7008420151879867,4.37606922109393,0.6663457432801702,0.9315050879141553,8.185201507590712,1.1768545755259587,6,4.309491745641607,3,9.031096414528635,-6.031096414528635,6.031096414528635
J P Park,38,1.3769030838324994,0.8657984150741821,8.66170550457257,0.23062501360292584,0.7038133331765263,8.528805409650232,1.3728695283167887,6,6.2907154514197225,3,6.923968333565955,-3.9239683335659548,3.9239683335659548
Chalavadipalya,166,0.44012309907580743,0.36472859540354546,3.649365220460088,0.41528798729265953,0.8002251537472818,3.1198937969005125,0.9111592352552599,3,8.291692092787695,0,6.398062722716495,-6.398062722716495,6.398062722716495
Devarachikkanahalli,236,1.7929860705943796,1.027111299694742,9.982838238230565,0.22608862462771928,0.6424849320343197,9.313708553908933,1.4159545775444493,6,5.5677165606318555,5,7.330459209104447,-2.330459209104447,2.330459209104447
Vijayanagar,157,0.5441623327125703,0.4344815838432055,4.592621713948713,0.3242029712058093,0.7612305397520452,5.027245933589152,0.875208564827569,3,8.439800842250804,11,4.2950691440186315,6.7049308559813685,0.0
Mangammanapalya,231,1.0635201366148863,0.7244133286387212,5.555054127675878,0.43309083288457884,0.8022506235092693,9.194541951175573,1.3435445475563075,3,5.22327122583428,1,7.029647372396142,-6.029647372396142,6.029647372396142
Konanakunte,221,4.507796781536537,1.7061646850398937,14.252168322623437,0.27887674927196915,0.6991832390645043,10.609151351114331,2.170002350535137,8,3.161670548459244,11,14.084894804476374,-3.0848948044763738,3.0848948044763738
Arakere,238,2.3174673708160185,1.1992016517021624,11.210791305135832,0.23171329666550597,0.6339459387662909,9.51316097632445,1.7733546471182513,7,4.837518511075445,10,9.818145994928958,0.18185400507104177,0.0
Jaraganahalli,242,0.7488168486610937,0.5589394728065201,5.127594306184986,0.35789708274389576,0.6985311193095447,8.184457707496644,1.1755908256353718,5,6.847594729409834,0,4.3724229158475065,-4.3724229158475065,4.3724229158475065
Chunchaghatta,223,2.9598087016258336,1.3761957164292922,10.978280343225066,0.30860636068024383,0.6933453380186019,10.518635038853564,2.1356294028762597,5,3.709118206590398,6,12.086351018202983,-6.086351018202983,6.086351018202983
Agara,230,3.6309203068655025,1.532755618727246,8.351345758158775,0.6542046880249163,0.9081704267815099,8.398157377702072,1.8083029396241834,5,2.3000630838324065,35,16.381279738952518,18.618720261047482,0.0
Vikram Nagar,205,1.2579355486010662,0.8144509217421788,7.143720157348815,0.30975575736898553,0.6186331168838968,8.580963827953575,1.2792545574293173,6,5.678923825066597,2,6.8283607844758665,-4.8283607844758665,4.8283607844758665
Gottigere,225,4.766909110275935,1.752136254196255,12.1830484312259,0.4035847933323628,0.788906682853552,12.991585472837338,2.8495594003072844,3,2.5557542947406184,3,14.079850989602537,-11.079850989602537,11.079850989602537
Umamaheshwara Ward,201,1.2467398216461774,0.8094801972895702,6.0688712875072275,0.4253729232180599,0.7600517755618018,5.629221864980942,1.2437471401147715,5,4.86779292851493,14,11.879374911774077,2.120625088225923,0.0
Kumaraswamy Layout,204,1.0201331254793449,0.7031634129442058,6.3802191100602395,0.31491658046528215,0.7203158105624645,7.489131828522392,1.050805891894182,5,6.254300493440278,10,6.665840214973575,3.334159785026425,0.0
Kempapura Agrahara,156,0.33901958364384926,0.2919376921762794,2.5391751735428985,0.6607684887860932,0.9100919410588473,4.23418160235904,0.8798393748047136,5,7.489759577459637,0,5.425627573438843,-5.425627573438843,5.425627573438843
Adugodi,187,2.074992717738758,1.123302533040639,8.21399022958939,0.3864720377268759,0.774815930807573,4.637069569958812,1.2845984033365379,5,3.958563400907093,27,15.918429627710092,11.081570372289908,0.0
Kacharkanahalli,98,1.6316596040742584,0.9676146753402359,8.458128125723062,0.2866097143589501,0.6741869095175594,6.367523337772385,1.2114463963512994,7,5.183757754744368,7,11.090458650422786,-4.090458650422786,4.090458650422786
Ejipura,185,1.05730138908255,0.7213951186947043,5.960603154893627,0.3739626685135958,0.7734023201559932,4.881253629630756,1.5821893589061429,2,5.637562965906825,13,11.990004110980124,1.0099958890198764,0.0
HRBR Layout,99,2.089601694270103,1.1280421810704266,7.1890763157801185,0.5080742537553273,0.8770361384354669,7.061508305124906,1.4575611359112821,4,3.4404050951400387,32,14.395442303362623,17.60455769663738,0.0
Kaval Bairasandra,74,2.095398803009708,1.1299167517967343,10.680169719992808,0.23084488029007225,0.6101050065387957,5.635161504812067,1.048868760951409,12,5.09696278562937,20,12.352115731569134,7.647884268430866,0.0
Someshwara Nagar,176,1.470817278051251,0.9045489777127005,6.082646123084098,0.4995552016962897,0.8189581614743605,3.9088345068976333,1.2701227923207559,6,4.135555254792259,20,15.658254764483523,4.341745235516477,0.0
Ashoka Pillar,175,1.6919007556633425,0.9902475447074097,7.433254145112533,0.38479266514453997,0.7237896443337732,3.5252287147305945,1.3512595830186995,7,4.3934339057601415,20,16.260137715537965,3.739862284462035,0.0
Lakkasandra,188,1.7797250607361323,1.0223520237959358,7.864796302802633,0.36156619761887776,0.7035394521803905,3.3413220772306653,1.4078717738919642,8,4.419107465705734,2,16.78787749277361,-14.78787749277361,14.78787749277361
Hombegowda Nagara,177,1.0876473369482456,0.7360377558261918,5.513362424074131,0.44963993962116877,0.7800814509327563,2.4942620420561066,1.3122127594708792,6,5.069071781615991,25,15.316208042368146,9.683791957631854,0.0
Vishveshwara Puram,174,2.4833638066686485,1.2479984380303717,7.4325105032769905,0.5649098509934947,0.9135697165336827,2.8401651340920697,1.343082197122191,5,2.9929205230897926,28,20.20524236338932,7.794757636610679,0.0
Banasavadi,100,2.626972741471886,1.2883983448250156,7.512573382629627,0.5849085583710849,0.8938762357734462,7.714783843283954,1.633315106797221,6,2.859783531069436,35,15.538883824059633,19.46111617594037,0.0
Hennur,94,3.568718311737696,1.5192327086205322,13.46859263307045,0.24721663925016443,0.6614820417469122,8.125918382141574,1.860955153249256,11,3.774069975983132,11,14.920694160418751,-3.9206941604187513,3.9206941604187513
Pulikeshinagar,80,2.2175452579567283,1.1686187265762342,10.666338629623807,0.24493543618090108,0.6364358327243719,3.274611393261832,1.1393067115754985,8,4.809975621174872,26,15.541656078286273,10.458343921713727,0.0
Kodigehalli,12,2.4362458737252353,1.2343795596890996,8.587151518747778,0.41517646667652874,0.7360747794221513,9.586693907334027,2.088785994218715,5,3.524747486023348,2,13.01519756939695,-11.01519756939695,11.01519756939695
Jakkuru,8,11.634416255881531,2.5364245392094857,20.795444161029614,0.3380788952226449,0.7489874157182155,10.952115634743372,2.8623107996639563,7,1.787407610632542,12,19.05258681038834,-7.052586810388341,7.052586810388341
Thanisandra,7,4.12600676279809,1.6343269472539412,13.177145676026097,0.2986050203764117,0.752678905838084,10.751481898959364,2.7128805887032525,4,3.193680096416006,7,15.048114462920182,-8.048114462920182,8.048114462920182
Kempapura,10,5.846849037115905,1.9237885518625513,11.990054589022584,0.5110806329270726,0.8732686853135574,8.660669710558142,1.838476402324695,8,2.050686534389634,20,18.502116489689357,1.4978835103106434,0.0
Amrutahalli,9,3.952535340748318,1.5998996355062123,10.129041712133635,0.48411540956492666,0.8346034123806676,9.84905396412157,2.4049582455202936,3,2.562669486521515,28,16.20464877901305,11.795351220986952,0.0
Maruthi Seva Nagar,103,1.7956157686957186,1.0280523931456784,6.66355782397942,0.5081722354385089,0.846536335671703,5.1273124534663905,1.4403571696366995,4,3.7110154299990517,12,15.647128442391505,-3.647128442391505,3.647128442391505
Shakambari Nagar,197,2.2184632138765505,1.168903982858933,7.618424799478692,0.4803211669267171,0.8091731195876544,6.159505332371054,1.285315200528803,5,3.4341001247283383,31,14.946964104628016,16.053035895371984,0.0
Sagayarapuram,79,0.7985007635752672,0.5869534087157351,4.115673974007741,0.5923839329511872,0.7893113507315569,4.47875958943189,1.0526403563340496,6,5.154251770004469,5,10.728868958022323,-5.728868958022323,5.728868958022323
Kammanahalli,101,0.8159674049687569,0.5966183312122691,4.368118081630714,0.5373953876380185,0.8456874488178027,6.245140868419079,1.365754626633952,6,5.353299721326451,2,9.984996731902378,-7.984996731902378,7.984996731902378
Kushal Nagar,75,0.8969811848662814,0.6402637725411603,6.946395917493479,0.23360069569308559,0.596994981226245,5.967200279921154,0.9780895243622301,6,7.744193562464771,0,4.974081394087612,-4.974081394087612,4.974081394087612
Lingarajapura,102,1.433219657514106,0.8892153423049118,6.6499956586671765,0.40726763307414265,0.8163715572181954,5.078326872720659,1.204386785537683,7,4.639899839359917,14,13.832196746502072,0.16780325349792768,0.0
Venkateshpura,97,0.5946811353967556,0.4666738011393663,3.571741618539237,0.5857792145741298,0.8607631482733353,5.485766631420241,1.0137076485382859,6,6.006145824949138,1,8.036125851159136,-7.036125851159136,7.036125851159136
Devara Jeevanahalli,77,0.41027677665482976,0.3437859806265154,3.3359441212727847,0.4632860934375454,0.8227303241994428,4.8431831790973865,0.9645447283054454,3,8.130960149565936,0,4.571236641160394,-4.571236641160394,4.571236641160394
Muneshwara Nagar,76,0.515153774106701,0.41551693487097713,3.5444704021477227,0.5152808963242269,0.8473404742682804,5.164334123859483,0.8524699680667001,6,6.880412374526398,0,6.640029819266063,-6.640029819266063,6.640029819266063
S K Garden,78,0.9536392293073731,0.6696939046944843,4.715408583639077,0.538958483897773,0.7979116066923859,4.287639747176974,0.9519714546862948,6,4.944646191897823,0,11.757647807355339,-11.757647807355339,11.757647807355339
Tilak Nagar,195,0.7020089720993317,0.5318093016410081,6.3816750647171485,0.21661231896934569,0.5349294644866751,5.010805885589395,1.1702867953725344,4,9.090589035682816,8,3.243179636450451,4.756820363549549,0.0
Gurappanapalya,194,0.6851628783813221,0.5218622228604756,3.6941317489785725,0.6309267321968776,0.8862021230270772,5.769345370714361,1.1363093186395106,6,5.39161105415672,6,9.17166225888765,-3.1716622588876504,3.1716622588876504
Byrasandra,196,2.2038562162246413,1.1643551518647584,9.46937733233324,0.3088518989561968,0.7270611692297239,4.920255060513051,1.357725690999037,8,4.296731003874173,36,15.680564011783684,20.319435988216316,0.0
Jakkasandra,191,1.520401947270475,0.9244183916892084,5.37270515289303,0.6618845836203298,0.9533526465783873,6.889771370332932,1.8106041623127074,6,3.533739984047285,12,14.606278027196373,-2.606278027196373,2.606278027196373
Suddagunte Palya,189,1.4873964100585952,0.9112365449859174,8.629628458953306,0.25098767588338805,0.6229300551611286,4.566853135960221,1.1530925113088817,7,5.801834938282086,4,11.521222916221728,-7.521222916221728,7.521222916221728
Sunkenahalli,173,1.4788832063643664,0.9078081387380146,6.535358072993524,0.43511591254352605,0.7539033614927407,3.867275738647788,1.2251706227191996,5,4.419117104629117,26,14.87732931235156,11.12267068764844,0.0
Koramangala,186,3.222280109454715,1.440375292430195,11.68964969421293,0.29632627448575233,0.6577397199551928,5.656256817889856,1.4395864273084922,6,3.627757146224973,33,16.032700631544976,16.967299368455024,0.0
Kogilu,6,16.27792091159833,2.849429438521327,24.345506536907827,0.3451208267502503,0.8402872381040524,14.936151041433508,4.361113466676196,4,1.4956152366830329,25,19.23151851409071,5.768481485909291,0.0
Azad Nagar,170,0.6796647171369075,0.5185942003650067,4.564257357760645,0.40998157612428976,0.7606685225511588,4.784328028931937,1.0444538114982511,7,6.715454315456615,4,8.531018137772646,-4.531018137772646,4.531018137772646
Chamrajapet,165,1.5478056276219065,0.935232450507307,8.71175753142444,0.25628000654837274,0.6221204239140949,3.20596027209325,1.0694551755681658,11,5.628457072358263,18,13.84279033410787,4.157209665892131,0.0
Kadugondanahalli,96,1.3103059666284622,0.8373799688484811,6.92970433308303,0.34288869947446254,0.7011372174584104,6.520109797715063,1.0657197173794413,5,5.288615414698749,6,9.682126459909666,-3.682126459909666,3.682126459909666
Whitefield,110,10.99193584143782,2.484234410672394,18.13652865753585,0.4199288531931976,0.7424904692392098,14.89977294990809,3.3507185061677447,7,1.6499849452508695,46,16.07725116377274,29.92274883622726,0.0
Herohalli,30,2.8925884424224333,1.3590743457067969,8.792044722343677,0.47023693017459406,0.804277693653455,11.343895395407172,1.8871530663463503,4,3.0395076580547604,1,11.605393340883218,-10.605393340883218,10.605393340883218
Dodda Bidarakallu,28,8.217987249316687,2.2211567110598556,18.29569082057528,0.30851600719801303,0.6976116227775602,13.246066394936161,2.789010234510628,3,2.2262982729860696,6,14.195530952992296,-8.195530952992296,8.195530952992296
Vasanthpura,219,3.466561107308757,1.4966187853174302,14.555513251375265,0.20561447076839012,0.6679506992224988,9.885895400394432,1.7963597254906039,5,4.198833599294416,6,10.846759376625233,-4.846759376625233,4.846759376625233
HSR - Singasandra,232,3.2616236374133223,1.4496502232106112,16.338602097042326,0.1535373064162222,0.5616863838971021,9.823219434188061,1.3720604823119782,8,5.009346237752891,20,7.483680144748515,12.516319855251485,0.0
Doddakanahalli,116,12.582706056407506,2.608797370056058,19.814650748653612,0.4027273008808346,0.7797875008517486,11.330449403066218,3.3384170108040827,4,1.574752732824381,49,20.22646722699161,28.77353277300839,0.0
Hampi Nagar,159,1.2003167134359016,0.7886013106556123,7.562462559940614,0.2637419678295431,0.5636693945629184,6.076025903121221,0.9666692773641756,9,6.300389285002202,13,7.935868000118966,5.064131999881034,0.0
Hosahalli,158,0.7115327884802525,0.5373893365494117,5.500377778359556,0.2955423648768565,0.6667059138358862,5.378767402518179,0.938369693056481,7,7.730322294925711,16,5.741735821887719,10.258264178112281,0.0
Avalahalli,164,1.0667286242230583,0.7259669823963312,5.308086586226407,0.47575987998306163,0.8124794794168376,5.752232645028559,1.0940152104198808,8,4.976042140138971,3,11.381104441758982,-8.381104441758982,8.381104441758982
Gali Anjenaya Temple ward,162,1.173734779112588,0.7764467845284712,6.600159474680797,0.3385875454458931,0.679247902662369,6.764352891826876,1.132262406215086,5,5.623211982924202,4,8.69124010119588,-4.691240101195881,4.691240101195881
Veerabhadranagar,163,1.487201794790598,0.9111583013730336,7.8520247595714885,0.30312129253916104,0.6581212700516679,7.139113812200682,1.2828624510679567,6,5.279730556455571,1,9.77435846669442,-8.77435846669442,8.77435846669442
Dharmaraya Swamy Temple Ward,172,1.3582064528445559,0.8579013524999013,6.082106474762852,0.4613894034456496,0.7893376588983756,1.5914383824353135,1.317850306424314,3,4.478042687858543,3,17.34120196716693,-14.341201967166931,14.341201967166931
Sudham Nagara,171,1.0658224501417053,0.7255284280604887,7.165236942675894,0.26087569261097526,0.6562713879603325,1.8832737476065153,1.2870201586222874,6,6.722730358816563,11,13.015969757854783,-2.0159697578547835,2.0159697578547835
Agaram,180,10.244085842617958,2.4198422875418197,24.754076961648384,0.21008236575566308,0.5881859493355045,5.867445416571314,2.004940272031531,13,2.4164261547541153,7,20.304641973264808,-13.304641973264808,13.304641973264808
AECS Layout,109,2.3968403339416846,1.2228456859960062,6.470358078371416,0.7194362833799272,0.9281111923715198,12.502850179273564,2.6139250901370517,4,2.699536546821496,34,11.774084357746558,22.22591564225344,0.0
Dodda Nekkundi,108,5.8844000581655385,1.9292579908625787,12.579407796937806,0.46729556867380284,0.8078506679593797,11.175865322479707,2.225318196849014,8,2.1377553654738146,22,16.215343031529247,5.7846569684707525,0.0
Kadugodi,104,5.369377233085176,1.8515016991979807,18.550036689662765,0.19608493797870857,0.5455565811445127,18.716097125576773,4.927717797898802,0,3.454783652629329,4,9.172150167377747,-5.1721501673777475,5.1721501673777475
Belathur,105,2.948008863090062,1.373211366525671,39.60926630570634,0.02361266757637611,0.2580915388524333,34.732835807118924,19.76530836932644,2,13.43593867767021,3,2.221242877550159,0.7787571224498411,0.0
Bommanahalli,235,0.9698406969784504,0.677952675002245,5.614064335605174,0.38668337264282476,0.7514879341727603,8.220200982825084,1.3723715136513985,4,5.788645860186992,9,7.179486024295759,1.820513975704241,0.0
Hongasandra,234,0.6548047735036358,0.5036830402417829,4.148526251470144,0.47811681255574995,0.7819228311280954,8.922212658607322,1.1525815828285233,3,6.335516201680697,1,3.7079219710901157,-2.7079219710901157,2.7079219710901157
Rupenaagrahara,233,2.951876807267955,1.3741906071497454,15.36982034138258,0.15702561779848043,0.5962208796461543,10.233557646033002,1.4173616930790327,8,5.206795996208182,17,6.998656079141158,10.001343920858842,0.0
Bilekhalli,237,3.0370331377476276,1.3955100503453202,10.95467359461439,0.31802445053617734,0.7072873108257818,8.161093857931421,1.4879255272598377,7,3.6070313025095166,12,13.645828091209708,-1.645828091209708,1.645828091209708
Vinayakanagar,240,2.4841032847062476,1.2482107039889123,11.869617515875115,0.22156750332222108,0.5919489254131437,8.102681377548462,1.5581456996484846,7,4.778230272852254,6,10.753436901995489,-4.753436901995489,4.753436901995489
Hosakerehalli,209,0.8903943831253678,0.6367854756236456,4.86039830901881,0.47364019746211977,0.8794359724119225,7.6797021252833755,1.314975528959067,5,5.458702796347789,5,8.61076199540101,-3.6107619954010097,3.6107619954010097
Kamakya Nagar,207,0.7748583992013678,0.5737206446473558,4.65722050879653,0.44892997739397267,0.7868258371954426,7.396179450123686,1.105174147736471,6,6.010414952714768,7,6.8557796583764805,0.1442203416235195,0.0
Deen Dayalu Ward,208,0.7931205040693406,0.5839574004345403,5.003009404850213,0.39818638198034134,0.7834724283695983,7.721578162887781,1.212409260184606,7,6.308006638563479,9,6.713843662006633,2.2861563379933667,0.0
Nagavara,95,0.9571422118684014,0.671485354076435,4.90743543478515,0.4994328965564617,0.8310062455496086,7.242595886864997,1.3942696172079427,3,5.127174806349339,2,9.24443229938663,-7.244432299386631,7.244432299386631
Kammagondanahalli,16,4.352039855448196,1.6774777696308225,13.51029731093844,0.29962145957632613,0.6261888484441762,13.728421890879124,2.6997357050727104,4,3.1043597392669278,3,10.887359143622701,-7.887359143622701,7.887359143622701
Ramaswamy Palya,126,0.959857937514538,0.6728719897556318,6.630010217819686,0.27440273089223594,0.6109820233587964,3.447681804508591,1.1740433986788024,4,6.907282795397281,3,9.753933510528542,-6.753933510528542,6.753933510528542
Jayamahal,127,1.361085726300953,0.8591215667626977,10.843369136024924,0.14546779590277376,0.4662467137058451,2.802577121968754,1.3169621563983145,8,7.966705495835403,4,8.881576474782626,-4.8815764747826265,4.8815764747826265
Vasanth Nagar,128,4.349433958182109,1.6769907531015151,9.395776788565229,0.6191234064389259,0.8714721532864795,1.9081789933970388,1.662004322681203,5,2.1602297859678945,14,24.167265687171525,-10.167265687171525,10.167265687171525
Madivala,190,1.0254835029364804,0.7058084389404395,5.093571642874645,0.49669947866082625,0.8587374875227596,5.428444600352861,1.200309305161322,3,4.966995205958127,16,11.429943628166928,4.570056371833072,0.0
BTM Layout,192,1.4690241015436338,0.9038229719774609,7.183865546756615,0.357702844859116,0.7236506643478231,6.5534754597290075,1.3950127526203633,9,4.890229873837939,14,12.144308257767811,1.8556917422321888,0.0
N S Palya,193,1.362207076373113,0.8595963838617319,5.559677664252688,0.5538010437949104,0.8360213106408391,6.82237977007195,1.315847170111122,5,4.081374822288674,30,11.939811047626298,18.0601889523737,0.0
Radhakrishna Temple Ward,66,1.9488826826861458,1.081426346975398,8.046506869608178,0.3782516122462833,0.7023413239685259,7.828182386759895,1.7368060265159602,4,4.128779500733043,5,12.423519916775255,-7.4235199167752555,7.4235199167752555
Sanjaya Nagar,67,3.1038622347872327,1.4119285387834035,8.223794672415435,0.576723680072035,0.8724079461645471,7.362681715782388,1.6497799532672235,6,2.649535981412258,7,16.608333122104895,-9.608333122104895,9.608333122104895
Vishwanath Nagenahalli,68,1.0143688261100665,0.7003059086669845,6.601032319663908,0.29253783276041584,0.6664691302010932,7.380578459009059,1.3797905248693454,6,6.5075267986869765,4,7.123400182512634,-3.1234001825126336,3.1234001825126336
Hebbala,70,1.3200447656986718,0.841586481051834,5.819692805470625,0.4897770168184662,0.8465365420577388,6.810577376364252,1.1509524718697866,5,4.408708671626288,2,11.345707188988277,-9.345707188988277,9.345707188988277
Ganga Nagar,72,0.8793572185687398,0.6309298133623836,4.79453772762799,0.48070840567121487,0.8004882326452473,5.73525685569659,1.20837700514086,5,5.452320884374703,9,10.005403747996919,-1.005403747996919,1.005403747996919
Jayachamarajendra  Nagar,73,1.5247393572494332,0.9261378325475619,8.847359741504437,0.24478122383896606,0.6752088042061557,4.9629088057181585,1.296785821167348,5,5.8025391024631965,2,11.545336012814898,-9.545336012814898,9.545336012814898
Manorayanapalya,69,0.8190302130684437,0.5983035091113185,5.014747334709671,0.4092716612014853,0.7850331253055881,6.803630200674549,1.1218479280803748,4,6.122786747905483,6,7.402645731890065,-1.4026457318900647,1.4026457318900647
Kuvempunagar,15,7.363007211888625,2.1238180767556623,14.337470553418155,0.4501113994850234,0.8008124538788065,12.42214346178645,2.3488109245513833,3,1.9472302743732566,11,14.999477711665516,-3.9994777116655165,3.9994777116655165
Dodda Bommasandra,13,4.453361220498601,1.696232156276778,10.422677167741428,0.5151565365966956,0.847329432460643,10.072856157109113,1.9794837510193624,7,2.3404068638686577,1,15.908410136290483,-14.908410136290483,14.908410136290483
Byatarayanapura,11,9.8233133285456,2.381702449143021,19.931628692451948,0.3107293557368798,0.6610483878441676,11.869847947049097,2.517899711943597,10,2.0290128214207073,16,16.30302607334101,-0.30302607334100884,0.30302607334100884
Vidyaranyapura,14,2.2308786922591874,1.1727541411852531,7.832579449244196,0.4569579125420268,0.8158495920882552,12.01889774989361,2.216750295293203,4,3.510984024555914,24,10.570087271561837,13.429912728438163,0.0
Bagalakunte,18,1.9467510254810294,1.0807032161285635,6.905811311984372,0.512968692818453,0.8360786040062731,14.039334659806702,1.770850601666663,2,3.547352086422038,0,6.153540163507337,-6.153540163507337,6.153540163507337
Hagadur,111,6.653214727720452,2.0351257854141025,18.01986413899662,0.2574769640551414,0.7305404941458664,18.33188400937028,4.396310549594655,2,2.7084446957524624,10,11.601763061839229,-1.601763061839229,1.601763061839229
Varthuru,112,22.38757514660383,3.1522049047047767,25.367696173391572,0.4371745438383547,0.8206698933952349,16.209440228539233,4.255766534976888,2,1.1331149535969207,34,17.830098922578067,16.169901077421933,0.0
Munnekollala,113,9.406135835971408,2.3423956164030764,20.170495040844884,0.2905280009941361,0.6649063107232591,12.97634992891976,3.2255030858072757,5,2.1443975924425716,43,15.938770267323745,27.061229732676253,0.0
Sarakki,199,1.5437574343625664,0.933642292804032,7.89586309672665,0.3111642586985188,0.6801907997167074,7.095941609044706,1.2495754706845894,7,5.114704500183952,24,10.357770726855486,13.642229273144514,0.0
J P Nagar,198,1.9407743754266087,1.078672939670991,8.85351277722916,0.3111384448702954,0.6959504529214914,6.570919513287098,1.3878488341699275,6,4.561845461960531,15,12.6442868246817,2.3557131753183,0.0
Horamavu,81,11.88424644412418,2.556005359206241,28.97955059749265,0.1778272123898868,0.6720075090322225,10.972472312862932,3.0862776696472354,5,2.4384844873206704,13,15.875727380939479,-2.8757273809394786,2.8757273809394786
Babusab Palya,82,2.7031833272793655,1.3091928084779116,9.713352261450558,0.36003696006845015,0.748203900263824,8.515847030569796,2.0547778806243295,7,3.5933013360313293,17,14.831094930996713,2.168905069003287,0.0
Kalkere,83,8.004790542854316,2.1977567182634865,13.971421006166128,0.5153219924041914,0.8328570669301507,11.011444340966031,2.9274250143292297,4,1.7453824595870382,17,18.9088284064373,-1.9088284064373013,1.9088284064373013
Medahalli,87,3.286450821227777,1.4554590761273798,14.58492736711343,0.1941460059558165,0.5997809006733119,13.135722991820963,2.6736991028095143,3,4.43789612578614,9,8.171368775146028,0.8286312248539716,0.0
Ramamurthy Nagara,84,1.9908495012510612,1.095557461180608,8.559784809852472,0.3414464494979415,0.6895860930453448,9.479002163530676,2.0086041021218324,7,4.29956398234696,5,11.48939295886687,-6.489392958866871,6.489392958866871
Vijinapura,85,1.4793739823751724,0.908006101850345,6.158099708726823,0.49022381745963756,0.8174879818878011,9.00935481672498,1.7589017473216502,4,4.162638914900908,5,10.747384629484488,-5.747384629484488,5.747384629484488
K R Puram,86,4.427049331452299,1.6913955850440627,14.65876806358645,0.25889834772223463,0.6790696890334591,11.677584355222782,2.0913774139934134,6,3.311182452710014,23,11.841646505463494,11.158353494536506,0.0
Basavanapura,88,5.007979689314059,1.7930885338492717,11.872965578501354,0.4464306517460719,0.8048822096192629,13.929423443927904,2.4583309023467055,3,2.3708094511316977,19,12.264766692559645,6.735233307440355,0.0
Devasandra,89,2.8319492841123983,1.3433736251860637,8.573451602384916,0.4841544572116199,0.7646763471907327,11.028459780495918,1.864820868816966,5,3.0274029448490083,5,11.707098655684256,-6.707098655684256,6.707098655684256
A Narayanapura,91,1.6667313161034722,0.9808534962566585,6.015430915223224,0.5788179256796742,0.8631494962986207,8.620486710685876,1.603572834873241,7,3.6091185526448584,13,12.160932970740742,0.8390670292592581,0.0
Mahadevapura,90,3.666363856089295,1.5403801508609676,10.029373375952218,0.4580341166690774,0.7575777500251624,9.880893734948677,1.7367482640290646,6,2.7355095592312515,24,13.913573126357395,10.086426873642605,0.0
Vijnana Nagar,92,2.0609397815036585,1.118721986951618,8.049184646599462,0.39973427306290826,0.7644422053900118,8.71218668572847,1.7646889505049224,5,3.9055894397490785,12,12.43279761152517,-0.4327976115251708,0.4327976115251708
Begur,227,7.125512672349016,2.095008824360461,18.18743929691485,0.2706966412597726,0.6765887839191828,12.076209745423805,2.6487393446712693,5,2.5524394009559916,1,14.53052836135419,-13.53052836135419,13.53052836135419
Kalena Agrahara,226,10.33324094906141,2.4277400843614227,24.91214960455915,0.20923002828256523,0.5938991925826959,12.48213375644859,2.8975369450516575,3,2.4108747417548577,8,13.550529517881005,-5.550529517881005,5.550529517881005
Uttarahalli,217,1.3372398686256488,0.848970689838487,9.365604295495876,0.1915788540605913,0.5841988236815335,8.59552925020146,1.5041937904519507,6,7.0036831201580885,16,5.051192194026858,10.948807805973143,0.0
Padmanabha Nagar,206,1.2022929841851016,0.7894990831213418,7.228075477870245,0.2891843717978739,0.7486514013100763,7.315206749651351,1.1629361955950503,5,6.011908555525125,14,8.127138393024449,5.872861606975551,0.0
Ganesh Mandir ward,202,1.6585933235347983,0.977797157177163,6.232372293029505,0.5365905259764756,0.8406294615185806,6.219269601699866,1.2280628653564558,8,3.757625335032133,13,13.933533789584192,-0.9335337895841924,0.9335337895841924
Banashankari Temple ward,203,0.5734628525876836,0.453278829101089,4.737624905234056,0.3210656237866083,0.7712127733815639,7.003225500231369,1.187296367050432,6,8.261432948718616,2,3.767061995296906,-1.7670619952969062,1.7670619952969062
Dr. Raj Kumar Ward,146,1.317786821206434,0.840612773995713,6.468769043807078,0.39574162489972536,0.708413015468395,5.195213948911567,0.9675050517583319,10,4.908812973167328,16,12.2036763376588,3.7963236623412,0.0
Agrahara Dasarahalli,147,0.6887485009354481,0.5239877226148668,3.9639136648358932,0.550835798336503,0.8885705319373868,6.038666144243812,0.9962170431361956,4,5.755241077769554,6,8.12571856407141,-2.125718564071409,2.125718564071409
Kaveripura,149,1.117334094179389,0.7501577946183113,4.959954277839613,0.57073902481558,0.8645444748981373,7.705647103240626,1.0509285569837477,6,4.439096867873154,3,9.413635620715072,-6.4136356207150715,6.4136356207150715
Govindaraja Nagar,148,0.8139360148390846,0.5954990781045132,4.757603605059813,0.45188052050264393,0.8090035463313094,6.644412772433085,0.9870818392263757,5,5.845181338978338,25,7.751704350245371,17.24829564975463,0.0
Marenahalli,150,0.8539572937520131,0.6173224322246471,5.4280230188607295,0.364219047955908,0.7769777326989948,6.91991000698243,0.9787811985071782,7,6.356316713464377,25,7.161145922350052,17.83885407764995,0.0
Maruthi Mandir ward,151,0.8052889755177352,0.5907206762103913,5.044392844715466,0.3976892170201518,0.7416811684241961,7.214174385073597,1.014137046466019,5,6.2640778628222655,8,6.27060692960795,1.7293930703920504,0.0
Mudalapalya,152,0.6337820953520495,0.49089763096733907,4.336083542495387,0.4235986309921658,0.7643227057309832,7.878311250717012,1.1599893529649052,5,6.841599935206129,5,4.546113689722695,0.45388631027730497,0.0
Nagarabhavi,153,1.4180388874486654,0.8829568345482525,8.20509117831443,0.26468612864960067,0.683420947432162,8.458236569227168,1.4229912517323569,6,5.786224377158671,7,7.912818653913931,-0.9128186539139307,0.9128186539139307
Chandra Layout,154,1.5995356336287936,0.9553328266256553,7.763334584433806,0.33350870645414593,0.7273925434728007,8.39976634541214,1.219917603241735,4,4.853492739528086,5,9.052106650886131,-4.052106650886131,4.052106650886131
Nayandahalli,155,1.0759194966870473,0.7304041864626618,7.0603383203706676,0.27123055767402304,0.6544053683128408,8.551518566531964,1.3854555900325292,5,6.562143675350004,4,5.578747179400633,-1.578747179400633,1.578747179400633
Defence Colony,19,1.6106106720361288,0.9595841679271664,8.547507966675578,0.27702655922692093,0.6585251243435667,13.052793092928242,1.282140337883122,6,5.306998218178851,2,2.9708574642264196,-0.9708574642264196,0.9708574642264196
Hemmigepura,35,32.90618058656593,3.5235973159562493,44.780857450013926,0.20620658534566969,0.6379522938787175,13.514833235222921,4.272006703338695,6,1.360864635511539,17,16.01690521891927,0.9830947810807302,0.0
Shanthi Nagar,182,1.2538406058831597,0.8126356970049083,5.804960646314538,0.4675775324689008,0.8044709061777032,1.8450964411804298,1.3162547348057236,6,4.629743700337201,1,17.156341046636715,-16.156341046636715,16.156341046636715
Neelasandra,183,1.8698828826637728,1.0542712215046581,7.7009324577898965,0.39622113827619326,0.7913002997491053,2.153826924404393,1.290726485591771,5,4.11840363329034,3,18.455977388065595,-15.455977388065595,15.455977388065595
Vannarapete,184,0.6729293737063629,0.514576205755771,4.771486214955297,0.3714257448679112,0.716830986195069,3.0828991618919575,1.741180510193005,3,7.090619612389466,3,11.110176983579239,-8.110176983579239,8.110176983579239
Vidyamanyanagar,29,4.996611024039207,1.7911944803250803,13.071718333793493,0.3674684380840252,0.760132903446203,12.302137571540122,2.361976319130579,6,2.6161168581873033,4,13.828078959973187,-9.828078959973187,9.828078959973187
